-- phpMyAdmin SQL Dump
-- version 5.2.0
-- https://www.phpmyadmin.net/
--
-- Host: localhost:3307
-- Generation Time: Jun 10, 2024 at 12:38 AM
-- Server version: 8.0.30
-- PHP Version: 8.1.10

SET SQL_MODE = "NO_AUTO_VALUE_ON_ZERO";
START TRANSACTION;
SET time_zone = "+00:00";


/*!40101 SET @OLD_CHARACTER_SET_CLIENT=@@CHARACTER_SET_CLIENT */;
/*!40101 SET @OLD_CHARACTER_SET_RESULTS=@@CHARACTER_SET_RESULTS */;
/*!40101 SET @OLD_COLLATION_CONNECTION=@@COLLATION_CONNECTION */;
/*!40101 SET NAMES utf8mb4 */;

--
-- Database: `php2_news`
--

-- --------------------------------------------------------

--
-- Table structure for table `categories`
--

CREATE TABLE `categories` (
  `id` int NOT NULL,
  `nameCategory` varchar(255) NOT NULL,
  `status` int NOT NULL
) ENGINE=InnoDB DEFAULT CHARSET=utf8mb4 COLLATE=utf8mb4_0900_ai_ci;

--
-- Dumping data for table `categories`
--

INSERT INTO `categories` (`id`, `nameCategory`, `status`) VALUES
(1, 'Football', 1),
(4, 'World News', 1),
(5, 'Heath', 1),
(8, 'Education', 1);

-- --------------------------------------------------------

--
-- Table structure for table `comments`
--

CREATE TABLE `comments` (
  `id` int NOT NULL,
  `content` text CHARACTER SET utf8mb4 COLLATE utf8mb4_0900_ai_ci NOT NULL,
  `date` timestamp NOT NULL DEFAULT CURRENT_TIMESTAMP,
  `idUser` int NOT NULL,
  `idPost` int NOT NULL
) ENGINE=InnoDB DEFAULT CHARSET=utf8mb4 COLLATE=utf8mb4_0900_ai_ci;

--
-- Dumping data for table `comments`
--

INSERT INTO `comments` (`id`, `content`, `date`, `idUser`, `idPost`) VALUES
(1, 'Qua ok', '2024-06-03 15:12:08', 23, 1),
(2, 'Oi doi oi', '2024-06-03 15:12:25', 23, 1),
(3, 'haha', '2024-06-03 15:28:33', 2, 1),
(4, 'Xàm vừa', '2024-06-05 08:10:07', 2, 6),
(8, 'ss', '2024-06-07 13:44:06', 23, 3),
(9, 'Quá hay đại ca', '2024-06-08 09:22:27', 23, 2),
(10, 'Quá ok\r\n', '2024-06-08 10:13:50', 2, 2),
(11, 'quá ok', '2024-06-08 10:14:36', 2, 2),
(13, 'Tôi thì chỉ thích xem lại khoảnh khắc Rô khóc trong đường hầm', '2024-06-08 23:38:29', 23, 16);

-- --------------------------------------------------------

--
-- Table structure for table `posts`
--

CREATE TABLE `posts` (
  `id` int NOT NULL,
  `title` varchar(255) NOT NULL,
  `description` varchar(255) NOT NULL,
  `content` text NOT NULL,
  `image` varchar(255) NOT NULL,
  `date` timestamp NOT NULL DEFAULT CURRENT_TIMESTAMP,
  `dateChange` timestamp NOT NULL DEFAULT CURRENT_TIMESTAMP,
  `views` int NOT NULL DEFAULT '0',
  `idAuthor` int NOT NULL,
  `idCategory` int NOT NULL,
  `idType` int NOT NULL,
  `status` int NOT NULL
) ENGINE=InnoDB DEFAULT CHARSET=utf8mb4 COLLATE=utf8mb4_0900_ai_ci;

--
-- Dumping data for table `posts`
--

INSERT INTO `posts` (`id`, `title`, `description`, `content`, `image`, `date`, `dateChange`, `views`, `idAuthor`, `idCategory`, `idType`, `status`) VALUES
(1, 'Ronaldo lại gây bão mạng với pha ăn vạ thô thiển', '(PLO)- Siêu sao Cristiano Ronaldo của Al Nassr đã bị người hâm mộ chỉ trích nặng nề vì pha ăn vạ “trơ trẽn” trong trận Bồ Đào Nha hủy diệt Luxembourg 6-0 ở vòng loại Euro 2024.', 'Tiền đạo 38 tuổi người Bồ Đào Nha đã ghi hai bàn trong hiệp một tại sân vận động Luxembourg, với Joao Felix và Bernardo Silva cũng ghi bàn để đưa Bồ Đào Nha dẫn trước 4-0 trước khi hiệp một kết thúc.\r\n\r\nOtavio và Rafael Leao sau đó điền tên của họ trên bảng tỷ số vào cuối hiệp hai để ấn định chiến thắng cách biệt 6-0 cho đoàn quân của HLV Roberto Martinez.\r\n\r\nTiền đạo người Bồ Đào Nha tiếp tục lập cú đúp ở vòng loại Euro 2024. Ảnh: GETTY.\r\nTiền đạo người Bồ Đào Nha tiếp tục lập cú đúp ở vòng loại Euro 2024. Ảnh: GETTY.\r\n\r\n\r\nAdvertisement: 0:05\r\n\r\nClose Player\r\nBất chấp cú đúp trong hiệp một vào đêm hôm đó, Ronaldo đã bị người hâm mộ chỉ trích trên mạng xã hội sau khi xuất hiện cảnh quay cho thấy anh có vẻ như đang ăn vạ thô thiển ở vòng loại Euro 2024. Cầu thủ từng 5 lần giành Quả bóng vàng có thể được nhìn thấy đang lừa bóng về phía hậu vệ Maxime Chanot của Luxembourg và dễ dàng hạ gục anh ta.\r\n\r\nKhi Chanot khép chân lại sau khi bị mất trớn, khuỷu tay của tuyển thủ Luxembourg đã chạm vào cánh tay của Ronaldo, khiến đội trưởng Bồ Đào Nha ngã xuống. Đó chỉ là một pha phạm lỗi nhẹ và tác động không đủ mạnh để làm tiền đạo của Al Nassr ngã lăn quay ra sân như anh diễn quá lố.\r\n\r\nNgười hâm mộ đã nhanh chóng chỉ trích huyền thoại Ronaldo của Manchester United và Real Madrid trên phương tiện truyền thông xã hội sau khi anh giả vờ ngã xuống và gọi anh ăn vạ thô thiển vì hành động \"không biết xấu hổ\" của mình.\r\n\r\nRonaldo phản ứng trọng tài sau khi anh cho rằng mình bị phạm lỗi. Ảnh: GETTY.\r\nRonaldo phản ứng trọng tài sau khi anh cho rằng mình bị phạm lỗi. Ảnh: GETTY.\r\n\r\n“Ronaldo 38 tuổi cần phải lao xuống đất như mọi khi để cố gắng ghi bàn, không có gì phải xấu hổ” - một người hâm mộ mỉa mai. Một người khác nói thêm: “Ronaldo cùng đồng đội đã ghi bốn bàn vào lưới Luxembourg và vẫn cảm thấy cần phải cố gắng để đuổi một cầu thủ ra khỏi sân. Thật hổ thẹn”.\r\n\r\nMột người khác đặt câu hỏi: “Tại sao Ronaldo phải “lặn” như vậy để làm gì nhỉ?”. Người thứ tư viết: “Điều gì đã đẩy anh ta ngã lăn ra như thế?”. “Anh ấy thật quá trơ trẽn khi đối đầu với Luxembourg” - một người dùng Twitter đăng. Và một tweet thứ sáu: “Chống lại Luxembourg? Biết xấu hổ chút đi anh bạn”.\r\n\r\nĐây không phải lần đầu tiên Ronaldo gây ra cơn bão chỉ trích trên mạng xã hội vì hành động chưa đúng đắn của mình. Gần nhất, siêu sao Bồ Đào Nha bị người hâm mộ đồng loạt đòi tẩy chay vì cho rằng anh “cướp” bàn thắng của đồng đội Bruno Fernandes.\r\n\r\nChân sút năm lần giành Quả bóng vàng từng bị cho là &quot;cướp&quot; bàn thắng của đồng đội Bruno. Ảnh: GETTY.\r\nChân sút năm lần giành Quả bóng vàng từng bị cho là \"cướp\" bàn thắng của đồng đội Bruno. Ảnh: GETTY.\r\n\r\nChuyện xảy ra tại vòng chung kết World Cup 2022, tiền đạo Ronaldo chạy cắt mặt hàng hậu vệ Uruguay đánh đầu sau quả chuyền bóng của Bruno. Quả bóng vào lưới và trong khi Ronaldo điên cuồng ăn mừng thì bảng điện tử trên sân báo tên Bruno là tác giả của bàn thắng.\r\n\r\nChân sút của Bồ Đào Nha không hài lòng và bày rỏ sự bực bội của mình khi gửi tin nhắn cho nhà báo nổi tiếng Morgan để thanh minh. Tuy nhiên, sự thật Bruno mới là cầu thủ ghi bàn sau khi hãng Adidas một lần nữa chứng minh công nghệ của mình chính xác trong quả bóng xác định người chạm bóng cuối cùng không phải Ronaldo.', 'client/assets/images/news/tech/robot5.jpg', '2024-05-31 10:51:39', '2024-06-06 17:06:35', 30, 23, 1, 3, 0),
(2, 'Chỉ có mỗi Messi chắc suất ở tuyển Argentina', 'Đội tuyển Argentina sẽ khởi đầu chiến dịch bảo vệ ngôi vua Copa America bằng trận đấu với Canada vào ngày 20-6 và hiện chỉ có mỗi Messi chắc suất, sau khi ngôi sao Dybala bị loại khỏi đội hình.', '<p><span style=\"color: rgb(33, 37, 41); font-family: Arial, &quot;Helvetica Neue&quot;, Helvetica, Arial, sans-serif; font-size: 18px; background-color: rgb(247, 247, 247);\">HLV&nbsp;</span><a href=\"https://plo.vn/doi-tuyen-argentina-tag35112.html\" title=\"đội tuyển Argentina\" class=\"cms-relate\" style=\"color: rgb(0, 115, 159); display: inline; transition: all 0.2s ease-in-out 0s; background-color: rgb(247, 247, 247); font-family: Arial, &quot;Helvetica Neue&quot;, Helvetica, Arial, sans-serif; font-size: 18px;\">đội tuyển Argentina</a><span style=\"color: rgb(33, 37, 41); font-family: Arial, &quot;Helvetica Neue&quot;, Helvetica, Arial, sans-serif; font-size: 18px; background-color: rgb(247, 247, 247);\">, Lionel Scaloni, đã giải thích lý do loại Paulo Dybala khỏi đội hình tham dự Copa America của mình. Ngôi sao 30 tuổi của AS Roma vừa có một mùa giải ấn tượng tại Ý, ghi được 16 bàn thắng và kiến tạo 10 lần trong 39 trận đấu trên mọi đấu trường.</span></p><p><span style=\"color: rgb(33, 37, 41); font-family: Arial, &quot;Helvetica Neue&quot;, Helvetica, Arial, sans-serif; font-size: 18px; background-color: rgb(247, 247, 247);\"><br></span></p><p style=\"margin-right: 0px; margin-bottom: 0px; margin-left: 0px; font-family: Arial, &quot;Helvetica Neue&quot;, Helvetica, Arial, sans-serif; font-size: 18px; line-height: 1.6; color: rgb(33, 37, 41); background-color: rgb(247, 247, 247);\">Mặc dù vậy, HLV Scaloni của La Albiceleste đã loại bỏ cựu cầu thủ Juventus vì lý do chuyên môn và khẳng định&nbsp;<i>chỉ có mỗi Messi chắc suất&nbsp;</i>đá chính cho đội bóng xứ sở Tango.</p><p style=\"margin-right: 0px; margin-bottom: 0px; margin-left: 0px; font-family: Arial, &quot;Helvetica Neue&quot;, Helvetica, Arial, sans-serif; font-size: 18px; line-height: 1.6; color: rgb(33, 37, 41); background-color: rgb(247, 247, 247);\">Khi được hỏi về việc loại Dybala, ông thầy trẻ Lionel Scaloni không ngại ngần bày tỏ với AlbicelesteTalk: “Dybala không lên tuyển vì vấn đề chuyên môn và danh sách mà chúng tôi có trong đầu. Cũng có một số cầu thủ khác cần&nbsp;<a href=\"https://plo.vn/trang-dia-phuong/goc-nhin-da-chieu/\" title=\"đánh giá\" class=\"cms-relate\" style=\"color: rgb(0, 115, 159); display: inline; transition: all 0.2s ease-in-out 0s;\">đánh giá</a>&nbsp;về điều kiện thể chất của họ. Thực tế chúng tôi có tình cảm lớn với Dybala, nhưng đội tuyển là trên hết. Chúng tôi đã loại bỏ Dybala với tất cả nỗi đau trong lòng”.</p><p style=\"margin-right: 0px; margin-bottom: 0px; margin-left: 0px; font-family: Arial, &quot;Helvetica Neue&quot;, Helvetica, Arial, sans-serif; font-size: 18px; line-height: 1.6; color: rgb(33, 37, 41); background-color: rgb(247, 247, 247);\"><br></p><figure style=\"margin-bottom: 0px; font-family: Arial, &quot;Helvetica Neue&quot;, Helvetica, Arial, sans-serif; font-size: 18px; line-height: 1.6; text-align: center; width: 850px; color: rgb(33, 37, 41); background-color: rgb(247, 247, 247);\"><img src=\"https://image.plo.vn/w850/Uploaded/2024/kwvobciv/2024_06_03/chi-co-moi-messi-chac-suat-o-tuyen-argentina-2-8882.jpg.webp\" id=\"2050531\" alt=\"chỉ có mỗi Messi chắc suất\" data-width=\"1920\" data-height=\"1080\" data-image-id=\"2050531\" class=\"cms-photo lazyloaded\" data-src=\"https://image.plo.vn/w850/Uploaded/2024/kwvobciv/2024_06_03/chi-co-moi-messi-chac-suat-o-tuyen-argentina-2-8882.jpg.webp\" title=\"HLV Scolani nói rõ đội tuyển Argentina chỉ có mỗi Messi chắc suất đá chính và tất cả cầu thủ đều đồng tình với điều đó. Ảnh: GETTY.\" data-adbro-processed=\"true\" style=\"max-width: 100%; height: auto; display: flex; margin: 0px auto;\"><figcaption style=\"line-height: 1.5; color: var(--gray-55); font-style: italic; font-size: 16px !important; padding: 10px 0px !important;\">HLV Scolani nói rõ đội tuyển Argentina chỉ có mỗi Messi chắc suất đá chính và tất cả cầu thủ đều đồng tình với điều đó. Ảnh: GETTY.</figcaption></figure><div class=\"ads_middle\" style=\"margin: 0px; font-family: Arial, &quot;Helvetica Neue&quot;, Helvetica, Arial, sans-serif; font-size: 18px; line-height: 1.6; color: rgb(33, 37, 41); background-color: rgb(247, 247, 247);\"><div id=\"adsWeb_AdsArticleMiddle\" class=\"banner fyi\" data-position=\"Web_AdsArticleMiddle\" style=\"justify-content: center; display: flex; margin: 0px;\"><div id=\"Web_AdsArticleMiddle_0\" data-id=\"4482\" data-name=\"DC-Inpage-PC (PC Middle Article)\" data-position=\"Web_AdsArticleMiddle\" data-index=\"0\" align=\"center\" class=\"adsitem banner_show ads_viewed\" rel=\"4482\" tag=\"DC-Inpage-PC (PC Middle Article)\" style=\"margin: 0px; position: relative;\"></div></div></div><p style=\"margin-right: 0px; margin-bottom: 0px; margin-left: 0px; font-family: Arial, &quot;Helvetica Neue&quot;, Helvetica, Arial, sans-serif; font-size: 18px; line-height: 1.6; color: rgb(33, 37, 41); background-color: rgb(247, 247, 247);\">Dybala từng có 38 lần ra sân cho Argentina trên mọi đấu trường, ghi được ba bàn thắng. Dù là một phần của đội hình vô địch&nbsp;<a href=\"https://plo.vn/world-cup-tag111237.html\" title=\"World Cup\" class=\"cms-relate\" style=\"color: rgb(0, 115, 159); display: inline; transition: all 0.2s ease-in-out 0s;\">World Cup</a>&nbsp;năm 2022, anh chỉ ra sân hai lần, tổng thời gian thi đấu là 17 phút. Do đó, có vẻ như đội tuyển Nam Mỹ vẫn sẽ ổn mà không có tiền vệ tấn công này tại đấu trường Copa America mùa hè năm nay.</p><p style=\"margin-right: 0px; margin-bottom: 0px; margin-left: 0px; font-family: Arial, &quot;Helvetica Neue&quot;, Helvetica, Arial, sans-serif; font-size: 18px; line-height: 1.6; color: rgb(33, 37, 41); background-color: rgb(247, 247, 247);\">Với việc HLV Scaloni từng khẳng định chỉ có mỗi Messi chắc suất đá chính, ông có thể chọn lựa các&nbsp;<a href=\"https://plo.vn/quoc-te/quan-su/\" title=\"vệ tinh\" class=\"cms-relate\" style=\"color: rgb(0, 115, 159); display: inline; transition: all 0.2s ease-in-out 0s;\">vệ tinh</a>&nbsp;Angel Di Maria, Lautaro Martinez, Julian Alvarez và Alejandro Garnacho cho các vị trí tấn công còn lại.</p><p style=\"margin-right: 0px; margin-bottom: 0px; margin-left: 0px; font-family: Arial, &quot;Helvetica Neue&quot;, Helvetica, Arial, sans-serif; font-size: 18px; line-height: 1.6; color: rgb(33, 37, 41); background-color: rgb(247, 247, 247);\">Messi và đồng đội sẽ chơi trận ra quân giải đấu lớn vô địch Nam Mỹ khi gặp Canada vào ngày 20-6. Tiền vệ Rodrigo De Paul của Argentina cũng đã đưa ra quan điểm về việc loại bất ngờ Paulo Dybala khỏi đội hình Copa America. Theo cầu thủ của Atletico Madrid, chỉ có Messi chắc suất trong đội tuyển mà không bao gồm ai khác, vì tất cả đều phải nỗ lực cạnh tranh để có mặt ở đội hình xuất phát.</p><figure style=\"margin-bottom: 0px; font-family: Arial, &quot;Helvetica Neue&quot;, Helvetica, Arial, sans-serif; font-size: 18px; line-height: 1.6; text-align: center; width: 850px; color: rgb(33, 37, 41); background-color: rgb(247, 247, 247);\"><img src=\"https://image.plo.vn/w850/Uploaded/2024/kwvobciv/2024_06_03/chi-co-moi-messi-chac-suat-o-tuyen-argentina-3-2216.jpg.webp\" id=\"2050532\" alt=\"chi-co-moi-messi-chac-suat-o-tuyen-argentina (3).jpg\" data-width=\"1200\" data-height=\"679\" data-image-id=\"2050532\" class=\"cms-photo lazyloaded\" data-src=\"https://image.plo.vn/w850/Uploaded/2024/kwvobciv/2024_06_03/chi-co-moi-messi-chac-suat-o-tuyen-argentina-3-2216.jpg.webp\" title=\"Dybala thường vắng duyên ghi bàn trên đội tuyển quốc gia đã khiến anh vắng mặt ở Copa America 2024. Ảnh: GETTY.\" style=\"max-width: 100%; height: auto; display: flex; margin: 0px auto;\"><figcaption style=\"line-height: 1.5; color: var(--gray-55); font-style: italic; font-size: 16px !important; padding: 10px 0px !important;\">Dybala thường vắng duyên ghi bàn trên đội tuyển quốc gia đã khiến anh vắng mặt ở&nbsp;<a href=\"https://plo.vn/copa-america-tag25960.html\" title=\"Copa America\" class=\"cms-relate\" style=\"color: rgb(0, 115, 159); display: inline; transition: all 0.2s ease-in-out 0s; line-height: 1.5;\">Copa America</a>&nbsp;2024. Ảnh: GETTY.</figcaption></figure><p style=\"margin-right: 0px; margin-bottom: 0px; margin-left: 0px; font-family: Arial, &quot;Helvetica Neue&quot;, Helvetica, Arial, sans-serif; font-size: 18px; line-height: 1.6; color: rgb(33, 37, 41); background-color: rgb(247, 247, 247);\">De Paul nhấn mạnh các cầu thủ còn lại phải tự chiến đấu để giành được một vị trí. Khi phát biểu trong một cuộc phỏng vấn với Bolavip, De Paul nói: “HLV Scaloni luôn rất rõ ràng: chỉ có một cầu thủ chắc chắn có mặt trong đội hình và đó là Messi. Những người khác phải chiến đấu và cố gắng làm tốt nhất trong các đội của mình để được ở đó. Tôi nghĩ, việc Paulo Dybala không có mặt là một cú sốc lớn, vì tôi yêu anh ấy và bởi Dybala cũng là bạn của tôi”.</p><div class=\"ads_middle\" style=\"margin: 0px; font-family: Arial, &quot;Helvetica Neue&quot;, Helvetica, Arial, sans-serif; font-size: 18px; line-height: 1.6; color: rgb(33, 37, 41); background-color: rgb(247, 247, 247);\"></div><p style=\"margin-right: 0px; margin-bottom: 0px; margin-left: 0px; font-family: Arial, &quot;Helvetica Neue&quot;, Helvetica, Arial, sans-serif; font-size: 18px; line-height: 1.6; color: rgb(33, 37, 41); background-color: rgb(247, 247, 247);\">De Paul và Dybala đã cùng thi đấu 17 lần cho đội tuyển Argentina mà không có đóng góp bàn thắng chung. Họ vẫn chưa giành được Copa America khi thi đấu cùng nhau.</p><p style=\"margin-right: 0px; margin-bottom: 0px; margin-left: 0px; font-family: Arial, &quot;Helvetica Neue&quot;, Helvetica, Arial, sans-serif; font-size: 18px; line-height: 1.6; color: rgb(33, 37, 41); background-color: rgb(247, 247, 247);\">Về tình trạng thể lực của Messi, ông Scaloni chia sẻ với báo chí Argentina khi vừa đến TP. Miami vào ngày 2-6: \"Chúng tôi thấy Messi rất ổn. Điều quan trọng là anh ấy phải duy trì phong độ sau chấn thương và có vẻ đã sẵn sàng. Messi sẽ tham gia cùng chúng tôi vào ngày 3-6 và khi đó chúng tôi sẽ&nbsp;<a href=\"https://plo.vn/giao-luu-truc-tuyen/\" title=\"trao đổi\" class=\"cms-relate\" style=\"color: rgb(0, 115, 159); display: inline; transition: all 0.2s ease-in-out 0s;\">trao đổi</a>&nbsp;nhiều hơn”.</p><figure style=\"margin-bottom: 0px; font-family: Arial, &quot;Helvetica Neue&quot;, Helvetica, Arial, sans-serif; font-size: 18px; line-height: 1.6; text-align: center; width: 850px; color: rgb(33, 37, 41); background-color: rgb(247, 247, 247);\"><img src=\"https://image.plo.vn/w850/Uploaded/2024/kwvobciv/2024_06_03/chi-co-moi-messi-chac-suat-o-tuyen-argentina-4-6539.jpg.webp\" id=\"2050533\" alt=\"chi-co-moi-messi-chac-suat-o-tuyen-argentina (4).jpg\" data-width=\"1200\" data-height=\"667\" data-image-id=\"2050533\" class=\"cms-photo lazyloaded\" data-src=\"https://image.plo.vn/w850/Uploaded/2024/kwvobciv/2024_06_03/chi-co-moi-messi-chac-suat-o-tuyen-argentina-4-6539.jpg.webp\" title=\"De Paul thân thiết với Messi. Ảnh: GETTY.\" style=\"max-width: 100%; height: auto; display: flex; margin: 0px auto;\"><figcaption style=\"line-height: 1.5; color: var(--gray-55); font-style: italic; font-size: 16px !important; padding: 10px 0px !important;\">De Paul thân thiết với Messi. Ảnh: GETTY.</figcaption></figure><p style=\"margin-right: 0px; margin-bottom: 0px; margin-left: 0px; font-family: Arial, &quot;Helvetica Neue&quot;, Helvetica, Arial, sans-serif; font-size: 18px; line-height: 1.6; color: rgb(33, 37, 41); background-color: rgb(247, 247, 247);\">Messi vừa hoàn tất các trận đấu cho&nbsp;<a href=\"https://plo.vn/inter-miami-tag50706.html\" title=\"Inter Miami\" class=\"cms-relate\" style=\"color: rgb(0, 115, 159); display: inline; transition: all 0.2s ease-in-out 0s;\">Inter Miami</a>&nbsp;trước khi dự Copa America. Trong hai trận gần đây trở lại thi đấu, anh liên tiếp ghi bàn, nhưng Inter Miami chỉ hòa 3-3 trước St. Louis City SC và thua 1-3 trước Atlanta United. Dù vậy, xét về phong độ cá nhân, Messi, 36 tuổi, đang chơi rất tốt và bảo đảm thể lực khi thi đấu suốt 90 phút mỗi trận từ đội hình chính.</p><p style=\"margin-right: 0px; margin-bottom: 0px; margin-left: 0px; font-family: Arial, &quot;Helvetica Neue&quot;, Helvetica, Arial, sans-serif; font-size: 18px; line-height: 1.6; color: rgb(33, 37, 41); background-color: rgb(247, 247, 247);\">Từ đầu năm 2024, Messi đã thi đấu 15 trận cho Inter Miami với tổng thời gian 1.264 phút. Anh ghi 14 bàn và có 11 pha kiến tạo. Messi và đồng đội Suarez đều đứng thứ 3 trong danh sách vua phá lưới giải Nhà nghề Mỹ (MLS) với 12 bàn, chỉ sau Cristian Arango (Real Salt Lake, 16 bàn) và Christian Benteke (DC United, 13 bàn). Với phong độ xuất sắc và thể lực hoàn hảo, Messi cho thấy anh đã sẵn sàng cho chiến dịch bảo vệ ngôi vô địch Copa America.</p>', 'uploads/users/6664f4360f6ad1717892150messi-argentina.jpg', '2024-06-05 08:15:46', '2024-06-09 00:15:50', 46, 23, 1, 3, 1),
(3, 'Được phương Tây bật đèn xanh, Ukraine giải bài toán bom lượn Nga', 'Một số quốc gia đã cho phép Ukraine dùng vũ khí viện trợ tấn công vào lãnh thổ Nga, giúp Kyiv có thêm phương án đối phó với chiến thuật tập kích từ xa bằng bom lượn của Moscow.', 'Một số quốc gia đã cho phép Ukraine dùng vũ khí viện trợ tấn công vào lãnh thổ Nga, giúp Kyiv có thêm phương án đối phó với chiến thuật tập kích từ xa bằng bom lượn của Moscow.\r\nCác nước phương Tây bắt đầu thay đổi lập trường sau khi Nga tiến công tại vùng Kharkiv, miền bắc Ukraine. Kyiv giờ đây có thể sử dụng vũ khí từ các nước Mỹ, Anh hay Đức để tấn công vào lãnh thổ Nga gần biên giới Kharkiv.\r\n\r\nDù Washington quy định không sử dụng tên lửa ATACMS đánh đất Nga, cũng như giới hạn phạm vi tấn công xung quanh Kharkiv, đây vẫn là bước tiến quan trọng trong lập trường của phương Tây để Ukraine phòng thủ được các cứ điểm ở miền bắc.\r\n\r\nĐược phương Tây bật đèn xanh, Ukraine giải bài toán bom lượn Nga- Ảnh 1.\r\nLực lượng Ukraine khai hỏa ở vùng Kharkiv\r\n\r\nAFP\r\n\r\nUkraine được \"tháo gọng kìm\"\r\n\r\nThe Whales of Hermanus!\r\n00:00\r\n\r\nPrevious\r\nPauseNext\r\n\r\n00:03 / 01:16\r\nUnmute\r\nSettings\r\nFullscreen\r\nCopy video url\r\nPlay / Pause\r\nMute / Unmute\r\nReport a problem\r\nLanguage\r\nShare\r\nVidverto Player\r\nQUẢNG CÁO\r\nCác nhà phân tích thuộc Viện Nghiên cứu Chiến tranh (ISW), có trụ sở tại Mỹ, cho rằng việc cung cấp các hệ thống phòng không của phương Tây và quyết định dỡ bỏ các hạn chế có thể bật đèn xanh cho Ukraine đẩy lùi các đợt tập kích bằng tên lửa và bom lượn của Nga vào thành phố Kharkiv.\r\n\r\n“Những thay đổi chính sách này sẽ cho phép lực lượng Ukraine sử dụng các hệ thống do phương Tây cung cấp để tấn công những khu vực mà Nga dàn trận để đánh Ukraine, ở vùng biên giới và không phận Nga”, báo cáo ngày 2.6 của ISW có đoạn.\r\n\r\nUkraine ‘bất mãn’ vì Mỹ chưa gỡ hoàn toàn giới hạn dùng vũ khí tầm xa tấn công trong đất Nga\r\n\r\nNhóm nghiên cứu nói khả năng Ukraine bắn hạ chiến đấu cơ của Moscow ở tiền tuyến trong những trận đánh trước đây cho thấy Kyiv có khả năng bảo vệ Kharkiv và đáp trả chiến thuật bom lượn của Nga.\r\n\r\nBom lượn là mối đe dọa đối với lực lượng Ukraine trong suốt phần lớn cuộc chiến và càng đe dọa hơn vào thời gian gần đây, khi Nga sử dụng để tấn công thành phố Kharkiv. Máy bay của Nga có thể khai hỏa từ khoảng cách an toàn trong không phận của mình, ngoài tầm bắn của phòng không Ukraine.\r\n\r\nCách duy nhất để ngăn bị ném bom là đánh chặn máy bay Nga. Với việc mới được tấn công sâu vào lãnh thổ và nhận vũ khí viện trợ, Kyiv giờ đây có thêm nguồn lực và phạm vi hoạt động để đối phó với mối đe dọa.\r\n\r\n“Lý tưởng nhất là ngăn máy bay xuất kích, song để dự phòng, một hệ thống tên lửa đối không (SAM) như Patriot có thể được đặt gần tiền tuyến hơn để bắn hạ chiến đấu cơ trước khi thả bom”, ông Matthew Savill, Giám đốc khoa học quân sự tại Viện các quân chủng thống nhất Hoàng gia Anh có trụ sở tại London, nhận định.', 'uploads/users/6664f5d1c163117178925618487.jpg', '2024-06-05 08:19:55', '2024-06-09 00:22:41', 25, 23, 4, 2, 1),
(4, '\'Thủ phạm\' phổ biến gây liệt dương ở nam', 'Hiểu biết về căn bệnh liệt dương này giúp nam giới chủ động hơn trong việc phòng tránh và điều trị nếu không may mắc phải.', '<h2 style=\"font-family: &quot;Open Sans&quot;, sans-serif; line-height: 32px; color: rgb(19, 36, 50); margin-top: 20px; margin-bottom: 16px; font-size: 22px; letter-spacing: 0.032px; text-align: justify;\">1. Liệt dương là gì và nguyên nhân liệt dương</h2><p style=\"margin-right: 0px; margin-bottom: 16px; margin-left: 0px; color: rgb(83, 78, 86); font-family: &quot;Open Sans&quot;, sans-serif; font-size: 16px; letter-spacing: 0.032px; text-align: justify;\"></p><p dir=\"ltr\" style=\"margin-right: 0px; margin-bottom: 16px; margin-left: 0px; color: rgb(83, 78, 86); font-family: &quot;Open Sans&quot;, sans-serif; font-size: 16px; letter-spacing: 0.032px; text-align: justify;\">Tình trạng&nbsp;<a href=\"https://medlatec.vn/tin-tuc/nhung-dieu-ban-nen-biet-ve-hien-tuong-xuat-tinh-o-nam-gioi-s195-n18209\" title=\"xuất tinh\" style=\"color: rgb(29, 147, 227);\">xuất tinh</a>&nbsp;sớm, không xuất tinh,... gọi chung là liệt dương - một chứng rối loạn chức năng tình dục khá phổ biến ở nam giới. Liệt dương ảnh hưởng rất lớn đến tâm lý và sức khỏe sinh sản của nam giới, nhiều trường hợp là nguyên nhân dẫn đến vô sinh, hiếm muộn.</p><p dir=\"ltr\" style=\"margin-right: 0px; margin-bottom: 16px; margin-left: 0px; color: rgb(83, 78, 86); font-family: &quot;Open Sans&quot;, sans-serif; font-size: 16px; letter-spacing: 0.032px; text-align: justify;\"><img alt=\"&nbsp;Liệt dương khiến nam giới mất tự tin\" src=\"https://medlatec.vn/ImagePath/images/20220613/20220613_liet-duong-1.jpg\" style=\"border: 0px; max-width: 100%; height: auto; width: 943.328px;\"></p><p dir=\"ltr\" style=\"margin-right: 0px; margin-bottom: 16px; margin-left: 0px; color: rgb(83, 78, 86); font-family: &quot;Open Sans&quot;, sans-serif; font-size: 16px; letter-spacing: 0.032px; text-align: justify;\"><em style=\"line-height: 1.5;\">&nbsp;Liệt dương khiến nam giới mất tự tin</em></p><p dir=\"ltr\" style=\"margin-right: 0px; margin-bottom: 16px; margin-left: 0px; color: rgb(83, 78, 86); font-family: &quot;Open Sans&quot;, sans-serif; font-size: 16px; letter-spacing: 0.032px; text-align: justify;\">Liệt dương được chia thành 2 nhóm:</p><p dir=\"ltr\" style=\"margin-right: 0px; margin-bottom: 16px; margin-left: 0px; color: rgb(83, 78, 86); font-family: &quot;Open Sans&quot;, sans-serif; font-size: 16px; letter-spacing: 0.032px; text-align: justify;\">Liệt dương tạm thời: là tình trạng khó cương cứng hoặc cương cứng trong thời gian ngắn và xuất tinh nhanh,... ảnh hưởng đến cuộc yêu.&nbsp;</p><p dir=\"ltr\" style=\"margin-right: 0px; margin-bottom: 16px; margin-left: 0px; color: rgb(83, 78, 86); font-family: &quot;Open Sans&quot;, sans-serif; font-size: 16px; letter-spacing: 0.032px; text-align: justify;\">Liệt dương hoàn toàn: Liệt dương tạm thời không được điều trị tốt, loại bỏ nguyên nhân có thể dẫn đến liệt dương hoàn toàn, khi khả năng cương cứng bị liệt vĩnh viễn. Liệt dương hoàn toàn trước đây chủ yếu gặp ở nam giới lớn tuổi song những năm gần đây, rất nhiều người trẻ mắc phải.</p><p dir=\"ltr\" style=\"margin-right: 0px; margin-bottom: 16px; margin-left: 0px; color: rgb(83, 78, 86); font-family: &quot;Open Sans&quot;, sans-serif; font-size: 16px; letter-spacing: 0.032px; text-align: justify;\"><br></p><h2 dir=\"ltr\" style=\"font-family: &quot;Open Sans&quot;, sans-serif; line-height: 32px; color: rgb(19, 36, 50); margin-top: 20px; margin-bottom: 16px; font-size: 22px; letter-spacing: 0.032px; text-align: justify;\">2. Điểm danh 5 nguyên nhân dẫn đến liệt dương thường gặp</h2><p dir=\"ltr\" style=\"margin-right: 0px; margin-bottom: 16px; margin-left: 0px; color: rgb(83, 78, 86); font-family: &quot;Open Sans&quot;, sans-serif; font-size: 16px; letter-spacing: 0.032px; text-align: justify;\">Liệt dương là căn bệnh khá nhạy cảm, nhiều nam giới mắc bệnh có xu hướng tự chịu đựng, không đi khám và điều trị khiến bệnh nặng hơn. Dưới đây là 5 nguyên nhân dẫn đến bệnh phổ biến nhất:&nbsp;</p><h3 dir=\"ltr\" style=\"font-family: &quot;Open Sans&quot;, sans-serif; line-height: 32px; color: rgb(19, 36, 50); margin-top: 20px; margin-bottom: 16px; font-size: 18px; letter-spacing: 0.032px; text-align: justify;\">2.1. Nguyên nhân do độ tuổi</h3><p dir=\"ltr\" style=\"margin-right: 0px; margin-bottom: 16px; margin-left: 0px; color: rgb(83, 78, 86); font-family: &quot;Open Sans&quot;, sans-serif; font-size: 16px; letter-spacing: 0.032px; text-align: justify;\">Các nghiên cứu đã chỉ ra, từ khoảng 30 tuổi trở đi, nam giới sẽ gặp phải tình trạng suy giảm hormone testosterone trong cơ thể. Khi hormone này suy giảm đến ngưỡng nào đó sẽ gây ra các rối loạn sức khỏe sinh sản, điển hình là chứng liệt dương.&nbsp;</p><h3 dir=\"ltr\" style=\"font-family: &quot;Open Sans&quot;, sans-serif; line-height: 32px; color: rgb(19, 36, 50); margin-top: 20px; margin-bottom: 16px; font-size: 18px; letter-spacing: 0.032px; text-align: justify;\">2.2. Do chấn thương hoặc phẫu thuật</h3><p dir=\"ltr\" style=\"margin-right: 0px; margin-bottom: 16px; margin-left: 0px; color: rgb(83, 78, 86); font-family: &quot;Open Sans&quot;, sans-serif; font-size: 16px; letter-spacing: 0.032px; text-align: justify;\">Những nam giới bị chấn thương vùng tiền liệt tuyến, dương vật hay làm phẫu thuật ở các vùng lân cận có thể ảnh hưởng trực tiếp tới dây thần kinh và gây liệt dương như: bàng quang, tủy sống, xương chậu, đùi,...</p><h3 dir=\"ltr\" style=\"font-family: &quot;Open Sans&quot;, sans-serif; line-height: 32px; color: rgb(19, 36, 50); margin-top: 20px; margin-bottom: 16px; font-size: 18px; letter-spacing: 0.032px; text-align: justify;\">2.3. Do vấn đề sức khỏe</h3><p dir=\"ltr\" style=\"margin-right: 0px; margin-bottom: 16px; margin-left: 0px; color: rgb(83, 78, 86); font-family: &quot;Open Sans&quot;, sans-serif; font-size: 16px; letter-spacing: 0.032px; text-align: justify;\"><a href=\"https://medlatec.vn/tin-tuc/nhung-cau-hoi-thu-vi-ve-suc-khoe-tinh-duc-s195-n18181\" title=\"Sức khỏe tình dục\" style=\"color: rgb(29, 147, 227);\">Sức khỏe tình dục</a>&nbsp;của nam giới ảnh hưởng rất lớn bởi các bệnh lý như bệnh lý chuyển hóa, bệnh lý liên quan đến cơ quan sinh dục. Ngoài ra, sử dụng 1 số thuốc điều trị gây giảm testosterone trong cơ thể cũng làm giảm ham muốn tình dục, tăng nguy cơ liệt dương.</p><p dir=\"ltr\" style=\"margin-right: 0px; margin-bottom: 16px; margin-left: 0px; color: rgb(83, 78, 86); font-family: &quot;Open Sans&quot;, sans-serif; font-size: 16px; letter-spacing: 0.032px; text-align: justify;\"><img alt=\"Sức khỏe tình dục của nam giới ảnh hưởng rất lớn bởi các bệnh lý khác như đái tháo đường, hẹp bao quy đầu\" src=\"https://medlatec.vn/ImagePath/images/20220613/20220613_liet-duong-3.jpg\" style=\"border: 0px; max-width: 100%; height: auto; width: 943.328px;\"></p><p dir=\"ltr\" style=\"margin-right: 0px; margin-bottom: 16px; margin-left: 0px; color: rgb(83, 78, 86); font-family: &quot;Open Sans&quot;, sans-serif; font-size: 16px; letter-spacing: 0.032px; text-align: justify;\"><em style=\"line-height: 1.5;\">Sức khỏe tình dục của nam giới ảnh hưởng rất lớn bởi các bệnh lý khác như đái tháo đường, hẹp bao quy đầu</em></p><h3 dir=\"ltr\" style=\"font-family: &quot;Open Sans&quot;, sans-serif; line-height: 32px; color: rgb(19, 36, 50); margin-top: 20px; margin-bottom: 16px; font-size: 18px; letter-spacing: 0.032px; text-align: justify;\">2.4. Do sức khỏe tâm lý</h3><p dir=\"ltr\" style=\"margin-right: 0px; margin-bottom: 16px; margin-left: 0px; color: rgb(83, 78, 86); font-family: &quot;Open Sans&quot;, sans-serif; font-size: 16px; letter-spacing: 0.032px; text-align: justify;\">Ít ai biết rằng, liệt dương và nhiều vấn đề sức khỏe sinh sản khác xuất phát từ các vấn đề tâm lý như: căng thẳng, sợ sệt, tự ti, cú sốc tinh thần,... Các nhà khoa học cho biết, liệt dương do các vấn đề tâm lý chiếm khoảng 15 - 20% các trường hợp.</p><h3 dir=\"ltr\" style=\"font-family: &quot;Open Sans&quot;, sans-serif; line-height: 32px; color: rgb(19, 36, 50); margin-top: 20px; margin-bottom: 16px; font-size: 18px; letter-spacing: 0.032px; text-align: justify;\">2.5. Do lối sống thiếu khoa học</h3><p dir=\"ltr\" style=\"margin-right: 0px; margin-bottom: 16px; margin-left: 0px; color: rgb(83, 78, 86); font-family: &quot;Open Sans&quot;, sans-serif; font-size: 16px; letter-spacing: 0.032px; text-align: justify;\">Tình trạng ăn uống, ngủ nghỉ không điều độ, stress kéo dài cũng như sử dụng chất kích thích, rượu bia là nguyên nhân dẫn đến tình trạng liệt dương ngày càng tăng.</p><h2 dir=\"ltr\" style=\"font-family: &quot;Open Sans&quot;, sans-serif; line-height: 32px; color: rgb(19, 36, 50); margin-top: 20px; margin-bottom: 16px; font-size: 22px; letter-spacing: 0.032px; text-align: justify;\">3. Nhận biết triệu chứng liệt dương</h2><p dir=\"ltr\" style=\"margin-right: 0px; margin-bottom: 16px; margin-left: 0px; color: rgb(83, 78, 86); font-family: &quot;Open Sans&quot;, sans-serif; font-size: 16px; letter-spacing: 0.032px; text-align: justify;\">Nhận biết sớm tình trạng liệt dương giúp nam giới chủ động phát hiện và điều trị bệnh, ngăn ngừa biến chứng nghiêm trọng có thể gặp. Triệu chứng liệt dương có thể khác nhau theo từng mức độ bệnh như sau:</p><h3 dir=\"ltr\" style=\"font-family: &quot;Open Sans&quot;, sans-serif; line-height: 32px; color: rgb(19, 36, 50); margin-top: 20px; margin-bottom: 16px; font-size: 18px; letter-spacing: 0.032px; text-align: justify;\">3.1. Liệt dương cấp độ nhẹ</h3><p dir=\"ltr\" style=\"margin-right: 0px; margin-bottom: 16px; margin-left: 0px; color: rgb(83, 78, 86); font-family: &quot;Open Sans&quot;, sans-serif; font-size: 16px; letter-spacing: 0.032px; text-align: justify;\">Ở cấp cấp độ này, dương vật của người bệnh vẫn có thể cương cứng nhưng sẽ xuất tinh rất nhanh.&nbsp;</p><h3 dir=\"ltr\" style=\"font-family: &quot;Open Sans&quot;, sans-serif; line-height: 32px; color: rgb(19, 36, 50); margin-top: 20px; margin-bottom: 16px; font-size: 18px; letter-spacing: 0.032px; text-align: justify;\">3.2. Liệt dương cấp độ trung bình</h3><p dir=\"ltr\" style=\"margin-right: 0px; margin-bottom: 16px; margin-left: 0px; color: rgb(83, 78, 86); font-family: &quot;Open Sans&quot;, sans-serif; font-size: 16px; letter-spacing: 0.032px; text-align: justify;\">Nam giới cần nhiều kích thích trong thời gian dài mới có thể cương cứng nhưng không thể kéo dài. Tình trạng này khiến nam giới tự ti và giảm ham muốn tình dục đáng kể.</p><p dir=\"ltr\" style=\"margin-right: 0px; margin-bottom: 16px; margin-left: 0px; color: rgb(83, 78, 86); font-family: &quot;Open Sans&quot;, sans-serif; font-size: 16px; letter-spacing: 0.032px; text-align: justify;\"><img alt=\"Liệt dương ảnh hưởng rất lớn đến tâm lý và đời sống tình dục\" src=\"https://medlatec.vn/ImagePath/images/20220613/20220613_liet-duong-4.png\" style=\"border: 0px; max-width: 100%; height: auto; width: 943.328px;\"></p><p dir=\"ltr\" style=\"margin-right: 0px; margin-bottom: 16px; margin-left: 0px; color: rgb(83, 78, 86); font-family: &quot;Open Sans&quot;, sans-serif; font-size: 16px; letter-spacing: 0.032px; text-align: justify;\"><em style=\"line-height: 1.5;\">Liệt dương ảnh hưởng rất lớn đến tâm lý và đời sống tình dục</em></p><h3 dir=\"ltr\" style=\"font-family: &quot;Open Sans&quot;, sans-serif; line-height: 32px; color: rgb(19, 36, 50); margin-top: 20px; margin-bottom: 16px; font-size: 18px; letter-spacing: 0.032px; text-align: justify;\">3.3. Liệt dương cấp độ nặng</h3><p dir=\"ltr\" style=\"margin-right: 0px; margin-bottom: 16px; margin-left: 0px; color: rgb(83, 78, 86); font-family: &quot;Open Sans&quot;, sans-serif; font-size: 16px; letter-spacing: 0.032px; text-align: justify;\">Ở cấp độ này, người bệnh mất hoàn toàn khả năng cương cứng, có hoặc không có khoái cảm khi quan hệ do không thể giao hợp một cách bình thường và khó có con theo cách tự nhiên.</p><p dir=\"ltr\" style=\"margin-right: 0px; margin-bottom: 16px; margin-left: 0px; color: rgb(83, 78, 86); font-family: &quot;Open Sans&quot;, sans-serif; font-size: 16px; letter-spacing: 0.032px; text-align: justify;\">Ở người bệnh liệt dương, kích thước dương vật và bìu cũng có xu hướng teo nhỏ đi, gây khó khăn trong việc điều khiển khi quan hệ tình dục. Tình trạng này khiến nam giới trở nên tự ti, căng thẳng, ảnh hưởng tới hạnh phúc lứa đôi.</p><h2 dir=\"ltr\" style=\"font-family: &quot;Open Sans&quot;, sans-serif; line-height: 32px; color: rgb(19, 36, 50); margin-top: 20px; margin-bottom: 16px; font-size: 22px; letter-spacing: 0.032px; text-align: justify;\">4. Liệt dương có thể chữa khỏi không?</h2><p dir=\"ltr\" style=\"margin-right: 0px; margin-bottom: 16px; margin-left: 0px; color: rgb(83, 78, 86); font-family: &quot;Open Sans&quot;, sans-serif; font-size: 16px; letter-spacing: 0.032px; text-align: justify;\">Hầu hết các trường hợp liệt dương hiện nay có thể chữa khỏi nhờ sự tiến bộ của khoa học với nhiều phương pháp điều trị mới, hiệu quả, ít xâm lấn. Tỉ lệ chữa khỏi liệt dương được thống kê đạt tới 95%, khả năng chữa trị phụ thuộc vào nhiều yếu tố như: nguyên nhân, tâm lý, sự cố gắng, phương pháp điều trị,...</p><p dir=\"ltr\" style=\"margin-right: 0px; margin-bottom: 16px; margin-left: 0px; color: rgb(83, 78, 86); font-family: &quot;Open Sans&quot;, sans-serif; font-size: 16px; letter-spacing: 0.032px; text-align: justify;\">Ngoài thăm khám lâm sàng, một số phương pháp xét nghiệm hỗ trợ chẩn đoán có thể được bác sĩ chỉ định gồm: xét nghiệm máu và nước tiểu, đo nồng độ testosterone, nội tiết tố nam, chụp mạch máu, tinh dịch đồ,...</p><p dir=\"ltr\" style=\"margin-right: 0px; margin-bottom: 16px; margin-left: 0px; color: rgb(83, 78, 86); font-family: &quot;Open Sans&quot;, sans-serif; font-size: 16px; letter-spacing: 0.032px; text-align: justify;\"><img alt=\"Điều trị liệt dương dựa trên nguyên nhân gây bệnh\" src=\"https://medlatec.vn/ImagePath/images/20220613/20220613_liet-duong-5.jpg\" style=\"border: 0px; max-width: 100%; height: auto; width: 943.328px;\"></p><p dir=\"ltr\" style=\"margin-right: 0px; margin-bottom: 16px; margin-left: 0px; color: rgb(83, 78, 86); font-family: &quot;Open Sans&quot;, sans-serif; font-size: 16px; letter-spacing: 0.032px; text-align: justify;\"><em style=\"line-height: 1.5;\">Điều trị liệt dương dựa trên nguyên nhân gây bệnh</em></p><p dir=\"ltr\" style=\"margin-right: 0px; margin-bottom: 16px; margin-left: 0px; color: rgb(83, 78, 86); font-family: &quot;Open Sans&quot;, sans-serif; font-size: 16px; letter-spacing: 0.032px; text-align: justify;\">Tùy vào nguyên nhân mà bác sĩ sẽ chỉ định phương pháp điều trị thích hợp như: điều trị bằng phẫu thuật, uống thuốc nội tiết tố, thụ tinh trong ống nghiệm,... Người bệnh cần tuân thủ hướng dẫn của bác sĩ nam khoa, nỗ lực và kiên trì sẽ đạt được kết quả điều trị tốt.</p><p dir=\"ltr\" style=\"margin-right: 0px; margin-bottom: 16px; margin-left: 0px; color: rgb(83, 78, 86); font-family: &quot;Open Sans&quot;, sans-serif; font-size: 16px; letter-spacing: 0.032px; text-align: justify;\">Để phòng ngừa bệnh liệt dương, các bác sĩ nam khoa khuyên nam giới nên thực hiện một số điều sau:</p><ul style=\"margin-bottom: 10px; color: rgb(83, 78, 86); font-family: &quot;Open Sans&quot;, sans-serif; font-size: 16px; letter-spacing: 0.032px;\"><li aria-level=\"1\" dir=\"ltr\" style=\"margin-bottom: 10px;\"><p dir=\"ltr\" role=\"presentation\" style=\"margin-right: 0px; margin-bottom: 16px; margin-left: 0px; text-align: justify;\">Áp dụng lối sống khoa học, ăn uống nghỉ ngơi hợp lý.</p></li><li aria-level=\"1\" dir=\"ltr\" style=\"margin-bottom: 10px;\"><p dir=\"ltr\" role=\"presentation\" style=\"margin-right: 0px; margin-bottom: 16px; margin-left: 0px; text-align: justify;\">Hạn chế sử dụng các chất kích thích như rượu, bia, các sản phẩm hỗ trợ sinh lý không được kiểm chứng lâm sàng, bổ sung testosterone không có chỉ định của bác sĩ.</p></li><li aria-level=\"1\" dir=\"ltr\" style=\"margin-bottom: 10px;\"><p dir=\"ltr\" role=\"presentation\" style=\"margin-right: 0px; margin-bottom: 16px; margin-left: 0px; text-align: justify;\">Giữ tâm lý thoải mái, hạn chế stress căng thẳng kéo dài.</p></li><li aria-level=\"1\" dir=\"ltr\" style=\"margin-bottom: 10px;\"><p dir=\"ltr\" role=\"presentation\" style=\"margin-right: 0px; margin-bottom: 16px; margin-left: 0px; text-align: justify;\">Khám sức khỏe định kỳ, khám sức khỏe sinh sản khi phát hiện dấu hiệu bất thường.</p></li><li aria-level=\"1\" dir=\"ltr\" style=\"margin-bottom: 10px;\"><p dir=\"ltr\" role=\"presentation\" style=\"margin-right: 0px; margin-bottom: 16px; margin-left: 0px; text-align: justify;\">Luyện tập các bài tập kegel dành cho vùng xương chậu, giúp tăng sức khỏe sinh lý và hỗ trợ điều trị liệt dương.</p></li></ul><p dir=\"ltr\" style=\"margin-right: 0px; margin-bottom: 16px; margin-left: 0px; color: rgb(83, 78, 86); font-family: &quot;Open Sans&quot;, sans-serif; font-size: 16px; letter-spacing: 0.032px; text-align: justify;\">Khoa Nam học, Bệnh viện Đa khoa MEDLATEC là địa chỉ uy tín được nhiều bệnh nhân tin tưởng lựa chọn. Hiện khoa đang cung cấp nhiều dịch vụ khám và chữa bệnh liên quan đến sức khỏe sinh sản ở nam giới như liệt dương, rối loạn cương dương, rối loạn xuất tinh,...</p><p dir=\"ltr\" style=\"margin-right: 0px; margin-bottom: 16px; margin-left: 0px; color: rgb(83, 78, 86); font-family: &quot;Open Sans&quot;, sans-serif; font-size: 16px; letter-spacing: 0.032px; text-align: justify;\">Đội ngũ chuyên gia, bác sĩ nhiều năm kinh nghiệm cùng trang thiết bị hiện đại, tiên tiến, giúp bệnh nhân tiếp cận các phương pháp điều trị tối ưu, nâng cao hiệu quả cũng như rút ngắn thời gian điều trị.&nbsp;</p>', 'uploads/users/6664ed5522013171789038920220613_liet-duong-2.jpg', '2024-06-05 08:22:21', '2024-06-08 23:46:29', 12, 23, 5, 2, 1),
(5, 'Bơi lội và đạp xe, bài tập nào tốt hơn?', 'Bơi lội và đạp xe đều mang lại nhiều lợi ích cho sức khỏe. Cả hai hoạt động này đều có tác dụng cải thiện sức khỏe tim mạch, sức mạnh cơ bắp và khả năng vận động linh hoạt.', '<p style=\"-webkit-font-smoothing: antialiased; text-rendering: geometricprecision; margin: 0.5em 0px 24px; color: rgb(41, 41, 41); font-family: Inter; font-size: 17px;\">Bơi lội và đạp xe không chỉ giúp đốt nhiều calo, giúp giảm cân mà còn có thể tập trong nhà hay ngoài trời đều được. Không chỉ người trẻ mà ngay cả người lớn tuổi, đang có vấn đề về xương khớp vẫn có thể tập hai loại bài tập này, theo chuyên trang sức khỏe<i style=\"-webkit-font-smoothing: antialiased; text-rendering: geometricprecision;\">&nbsp;Medical News Today</i>&nbsp;(Anh).</p><figure class=\"VCSortableInPreviewMode\" type=\"Photo\" style=\"-webkit-font-smoothing: antialiased; text-rendering: geometricprecision; display: inline-block; flex-direction: column; margin-right: auto; margin-bottom: 24px; margin-left: auto; position: relative; transition: all 0.3s ease-in-out 0s; width: 640px; visibility: visible; overflow-wrap: break-word; cursor: default; max-width: 100%; color: rgb(41, 41, 41); font-family: Inter; font-size: 17px;\"><div style=\"-webkit-font-smoothing: antialiased; text-rendering: geometricprecision; max-height: 480px;\"><a href=\"https://images2.thanhnien.vn/528068263637045248/2024/6/3/7-boi-loi-pexels-1717402176551124867631.jpg\" data-fancybox=\"img-lightbox\" title=\"Nhờ có lực nâng của nước nên bơi lội rất phù hợp với người đang bị đau khớp\" target=\"_blank\" class=\"detail-img-lightbox\" style=\"-webkit-font-smoothing: antialiased; text-rendering: geometricprecision; color: rgb(0, 152, 209); cursor: zoom-in; display: block; text-align: center !important;\"><img loading=\"lazy\" data-author=\"\" src=\"https://images2.thanhnien.vn/thumb_w/640/528068263637045248/2024/6/3/7-boi-loi-pexels-1717402176551124867631.jpg\" id=\"img_94101260543004672\" w=\"1024\" h=\"768\" alt=\"Bơi lội và đạp xe, bài tập nào tốt hơn?- Ảnh 1.\" title=\"Bơi lội và đạp xe, bài tập nào tốt hơn?- Ảnh 1.\" rel=\"lightbox\" photoid=\"94101260543004672\" data-original=\"https://images2.thanhnien.vn/528068263637045248/2024/6/3/7-boi-loi-pexels-1717402176551124867631.jpg\" type=\"photo\" width=\"1024\" height=\"768\" class=\"lightbox-content\" style=\"-webkit-font-smoothing: antialiased; text-rendering: geometricprecision; max-width: 100%; display: inline-block; image-rendering: -webkit-optimize-contrast; color: transparent; height: auto; margin: 0px auto; vertical-align: top; width: auto !important;\"></a></div><figcaption class=\"PhotoCMS_Caption\" style=\"-webkit-font-smoothing: antialiased; text-rendering: geometricprecision; background: transparent; padding: 8px 0px 6px; max-width: 100%; position: relative; text-align: center;\"><p data-placeholder=\"Nhập chú thích ảnh\" style=\"-webkit-font-smoothing: antialiased; text-rendering: geometricprecision; margin-right: 0px; margin-bottom: 0px; margin-left: 0px; line-height: 20px; font-size: 15px !important;\">Nhờ có lực nâng của nước nên bơi lội rất phù hợp với người đang bị đau khớp</p><p data-placeholder=\"Nhập chú thích ảnh\" style=\"-webkit-font-smoothing: antialiased; text-rendering: geometricprecision; margin-right: 0px; margin-bottom: 0px; margin-left: 0px; line-height: 20px; font-size: 15px !important;\"><br></p><p data-placeholder=\"Nhập chú thích ảnh\" style=\"text-align: center; -webkit-font-smoothing: antialiased; text-rendering: geometricprecision; margin-right: 0px; margin-bottom: 0px; margin-left: 0px; line-height: 20px; font-size: 15px !important;\"><br></p><p style=\"text-align: left; -webkit-font-smoothing: antialiased; text-rendering: geometricprecision; margin-right: 0px; margin-bottom: 0px; margin-left: 0px; line-height: 20px; font-size: 15px !important;\"><span style=\"font-size: 17px;\">Để biết bài tập nào phù hợp hơn, chúng ta cần xét đến các yếu tố sau.</span></p><p style=\"text-align: left; -webkit-font-smoothing: antialiased; text-rendering: geometricprecision; margin-right: 0px; margin-bottom: 0px; margin-left: 0px; line-height: 20px; font-size: 15px !important;\"><span style=\"font-size: 17px;\"><br></span></p><p style=\"text-align: left; -webkit-font-smoothing: antialiased; text-rendering: geometricprecision; margin-right: 0px; margin-bottom: 0px; margin-left: 0px; line-height: 20px; font-size: 15px !important;\"><span style=\"font-size: 17px;\">Bơi lội và đạp xe đều giúp đốt calo và có tác dụng giúp giảm cân hoặc&nbsp;</span><a class=\"link-inline-content\" href=\"https://thanhnien.vn/5-cach-giup-ngan-ngua-tang-can-do-cang-thang-185230629151420269.htm\" title=\"ngăn tăng cân\" data-rel=\"follow\" style=\"-webkit-font-smoothing: antialiased; text-rendering: geometricprecision; color: rgb(0, 152, 209); font-size: 17px; background-color: rgb(255, 255, 255);\">ngăn tăng cân</a><span style=\"font-size: 17px;\">. Lượng calo tiêu hao sẽ phụ thuộc vào nhiều yếu tố, đặc biệt là cường độ và thời gian tập.</span></p><p style=\"text-align: left; -webkit-font-smoothing: antialiased; text-rendering: geometricprecision; margin-right: 0px; margin-bottom: 0px; margin-left: 0px; line-height: 20px; font-size: 15px !important;\"><span style=\"font-size: 17px;\"><br></span></p><p style=\"-webkit-font-smoothing: antialiased; text-rendering: geometricprecision; margin: 0.5em 0px 24px; text-align: start;\">Tuy nhiên, bơi lội lại có xu hướng đốt nhiều calo hơn một chút do sức cản của nước. Chính sức cản này khi bơi khiến chúng ta phải dùng nhiều sức và tốn nhiều calo hơn. Nếu bạn đang tập trung vào việc đốt nhiều calo hơn thì hãy chọn bơi lội.</p><h2 style=\"-webkit-font-smoothing: antialiased; text-rendering: geometricprecision; margin-top: 0.5em; margin-bottom: 0.5em; font-size: 20px; font-family: Merriweather; text-align: start;\"><span style=\"-webkit-font-smoothing: antialiased; text-rendering: geometricprecision;\">Sức khỏe tim mạch</span></h2><p style=\"-webkit-font-smoothing: antialiased; text-rendering: geometricprecision; margin: 0.5em 0px 24px; text-align: start;\">Bơi lội sẽ giúp chúng ta vận động toàn cơ thể, khiến tim và phổi hoạt động mạnh hơn. Chính cường độ vận động này và sức cản của nước khiến chúng ta không thể bơi liên tục trong thời gian dài.</p><p style=\"-webkit-font-smoothing: antialiased; text-rendering: geometricprecision; margin: 0.5em 0px 24px; text-align: start;\">Trong khi đó, đạp xe lại tập trung vào nửa thân dưới. Vì vậy, mọi người có thể tập liên tục trong thời gian dài. Nhìn chung, cả hai loại bài tập này đều có hiệu quả như nhau khi xét về lợi ích với sức khỏe tim mạch.</p><h2 style=\"-webkit-font-smoothing: antialiased; text-rendering: geometricprecision; margin-top: 0.5em; margin-bottom: 0.5em; font-size: 20px; font-family: Merriweather; text-align: start;\"><span style=\"-webkit-font-smoothing: antialiased; text-rendering: geometricprecision;\">Sức mạnh cơ bắp</span></h2><p style=\"-webkit-font-smoothing: antialiased; text-rendering: geometricprecision; margin: 0.5em 0px 24px; text-align: start;\">Trong quá trình bơi, rất nhiều nhóm cơ trên cơ thể sẽ tham gia cùng lúc, từ cơ cánh tay, vai, chân đến các cơ cốt lõi ở bụng, lưng và hông. Đạp xe lại chủ yếu tác động vào phần thân dưới và có tác dụng chủ yếu là kích thích cơ bắp chân, ít kích thích các cơ ở nửa thân trên. Vì vậy, nếu bạn muốn một bài tập kích thích cơ bắp toàn thân thì nên chọn bơi lội.</p><h2 style=\"-webkit-font-smoothing: antialiased; text-rendering: geometricprecision; margin-top: 0.5em; margin-bottom: 0.5em; font-size: 20px; font-family: Merriweather; text-align: start;\"><span style=\"-webkit-font-smoothing: antialiased; text-rendering: geometricprecision;\">Tác động đến khớp</span></h2><div id=\"zone-l2srqb41\" style=\"-webkit-font-smoothing: antialiased; text-rendering: geometricprecision; text-align: start;\"><div id=\"share-l2srqbkq\" style=\"-webkit-font-smoothing: antialiased; text-rendering: geometricprecision;\"><div id=\"placement-kspipz1y\" revenue=\"cpd\" style=\"-webkit-font-smoothing: antialiased; text-rendering: geometricprecision;\"><div id=\"banner-l2srqb41-kspiq11b\" style=\"-webkit-font-smoothing: antialiased; text-rendering: geometricprecision; min-height: 0px; min-width: 0px;\"><div id=\"slot-1-l2srqb41-kspiq11b\" style=\"-webkit-font-smoothing: antialiased; text-rendering: geometricprecision;\"></div></div></div></div></div><p style=\"-webkit-font-smoothing: antialiased; text-rendering: geometricprecision; margin: 0.5em 0px 24px; text-align: start;\">Cả bơi lội và đạp xe đều tác động nhẹ nhàng lên khớp, khiến chúng trở thành bài tập lý tưởng cho những người bị<a class=\"link-inline-content\" href=\"https://thanhnien.vn/nguoi-bi-dau-khop-nen-tranh-loai-protein-nao-185231121190844298.htm\" title=\" đau khớp \" data-rel=\"follow\" style=\"-webkit-font-smoothing: antialiased; text-rendering: geometricprecision; color: rgb(0, 152, 209);\">&nbsp;đau khớp&nbsp;</a>hoặc đang phục hồi sau chấn thương. Tuy nhiên, bơi lội lại đặc biệt phù hợp hơn cho người đau khớp. Lực đẩy của nước sẽ làm giảm đáng kể áp lực lên đầu gối. Đạp xe dù ít nhưng vẫn tạo áp lực lên gối và lưng dưới. Điều này vẫn có thể gây cảm giác khó chịu với những người khớp gối và lưng dưới đang bị đau, theo&nbsp;<i style=\"-webkit-font-smoothing: antialiased; text-rendering: geometricprecision;\">Medical News Today</i>.</p><p style=\"text-align: left; -webkit-font-smoothing: antialiased; text-rendering: geometricprecision; margin-right: 0px; margin-bottom: 0px; margin-left: 0px; line-height: 20px; font-size: 15px !important;\"><span style=\"font-size: 17px;\"><br></span><br></p></figcaption></figure>', 'uploads/users/6664ec8d4e19f1717890189loi-ich-cua-boi-loi.jpg', '2024-06-05 08:23:53', '2024-06-08 23:43:09', 9, 23, 5, 2, 1);
INSERT INTO `posts` (`id`, `title`, `description`, `content`, `image`, `date`, `dateChange`, `views`, `idAuthor`, `idCategory`, `idType`, `status`) VALUES
(6, 'Toàn cảnh thương vụ Kylian Mbappe gia nhập Real Madrid', 'Vào đúng 0h30 (ngày 4.6, giờ Việt Nam), trang chủ Real Madrid chính thức đăng tải thông báo chiêu mộ thành công Kylian Mbappe theo dạng chuyển nhượng tự do.', '<p style=\"color: rgb(76, 73, 71); font-family: Roboto, sans-serif; font-size: 17.6px; background-color: rgb(252, 253, 254);\"><span style=\"font-weight: bolder;\">Thông báo cuối cùng...</span></p><p style=\"color: rgb(76, 73, 71); font-family: Roboto, sans-serif; font-size: 17.6px; background-color: rgb(252, 253, 254);\">Sau hàng loạt tin đồn cùng nhiều lần đổ bể ở 4 kỳ chuyển nhượng gần nhất, cuối cùng ngày mà mọi Madridista mong chờ cũng đã tới. Trên trang chủ, Real Madrid thông báo chiêu mộ thành công Kylian Mbappe với bản hợp đồng có thời hạn đến năm 2029. Dòng thông báo chỉ vỏn vẹn trong 2 dòng này của đội bóng Tây Ban Nha đã khép lại một trong những thương vụ chuyển nhượng tốn nhiều thời gian và giấy mực nhất của truyền thông và người hâm mộ.</p><p style=\"color: rgb(76, 73, 71); font-family: Roboto, sans-serif; font-size: 17.6px; background-color: rgb(252, 253, 254);\">Real Madrid đã theo đuổi Kylian Mbappe trong nhiều năm, với không ít những kịch tính, cùng những tin đồn thất thiệt được truyền thông thêu dệt. Trong đó, thương vụ được đẩy lên đỉnh điểm vào Hè 2022, khi chân sút người Pháp được cho là đã ở gần Real hơn bao giờ hết. Tuy nhiên, đến tháng 5.2022, Mbappe bất ngờ quyết định gia hạn hợp đồng với Paris Saint-Germain vào phút cuối.</p><figure class=\"insert-center-image\" style=\"margin-top: unset; margin-right: unset; margin-bottom: 20px; margin-left: unset; position: relative; color: rgb(76, 73, 71); font-family: Roboto, sans-serif; font-size: 17.6px; background-color: rgb(252, 253, 254);\"><img alt=\"Thông báo chính thức về phi vụ Kylian Mbappe. Ảnh: Real Madrid CF\" class=\"image\" src=\"https://media-cdn-v2.laodong.vn/storage/newsportal/2024/6/4/1348505/Mbappe-Real-Annoucem.jpg\" style=\"position: relative; display: block; color: transparent; overflow: hidden; width: 659px; margin-bottom: 0px; cursor: zoom-in;\"><figcaption class=\"image-caption\" style=\"font-size: 0.85em; line-height: 1.65em; font-style: italic; color: rgba(0, 0, 0, 0.7); padding-top: 5px; margin-bottom: 20px;\">Thông báo chính thức về phi vụ Kylian Mbappe. Ảnh: Real Madrid CF</figcaption></figure><p style=\"color: rgb(76, 73, 71); font-family: Roboto, sans-serif; font-size: 17.6px; background-color: rgb(252, 253, 254);\">Đến đầu tháng 1.2024, một cuộc họp kín gồm những nhân vật cấp cao của Real Madrid đã diễn ra tại trung tâm Valdebebas để bàn về những nỗ lực cuối cùng trong thương vụ chiêu mộ Mbappe. Theo Athletic, một số nhân vật cấp cao cho rằng không nên tái khởi động chiến dịch giành lấy chữ ký của chân sút người Pháp. Họ không chấp nhận việc lòng tự tôn của Los Blancos bị tổn thương sau những lần thương vụ đổ bể trong quá khứ. Bên cạnh đó, tình hình tài chính của Real lúc đó cũng là rào cản, sau khi sân vận động Santiago Bernabeu vừa được tu sửa. Ngoài ra, không khí phòng thay đồ cũng bị lo ngại sẽ trở nên tiêu cực khi có sự xuất hiện của Mbappe.</p><p style=\"color: rgb(76, 73, 71); font-family: Roboto, sans-serif; font-size: 17.6px; background-color: rgb(252, 253, 254);\">Dù vậy, Chủ tịch Florentino Perez vẫn quyết định gửi lời đề nghị cuối cùng cho thương vụ này. Theo truyền thông Tây Ban Nha, các điều khoản trong hợp đồng của Mbappe đã thấp hơn đáng kể so với lời đề nghị trước đó. Mbappe cũng sẽ chỉ có 15 ngày để đưa ra quyết định. Nếu ngôi sao người Pháp không có câu trả lời, cái tên Mbappe sẽ bị gạch khỏi mục tiêu chuyển nhượng của Real một lần và mãi mãi. “Bố già” Florentino Perez không chấp nhận bản thân và đội bóng Hoàng gia Tây Ban Nha bị đem ra trêu đùa một lần nào nữa.</p><p style=\"color: rgb(76, 73, 71); font-family: Roboto, sans-serif; font-size: 17.6px; background-color: rgb(252, 253, 254);\">Vào ngày 3.1.2024, sau trận đấu giữa PSG và Toulouse tại Siêu cúp Pháp, khi được hỏi về bến đỗ tương lai khi hợp đồng với đội bóng nước Pháp bước vào 6 tháng cuối cùng, Kylian Mbappe cho biết: “Thời điểm năm 2022, tôi chưa đưa ra quyết định của mình cho đến khi hết hợp đồng với PSG. Nếu tôi biết mình muốn làm gì, bản thân tôi không nên để việc đưa ra quyết định đó bị kéo dài. Nó sẽ không có ý nghĩa gì cả”.</p><figure class=\"insert-center-image\" style=\"margin-top: unset; margin-right: unset; margin-bottom: 20px; margin-left: unset; position: relative; color: rgb(76, 73, 71); font-family: Roboto, sans-serif; font-size: 17.6px; background-color: rgb(252, 253, 254);\"><img alt=\"Màn chia tay Kylian Mbappe tại Parc des Princes. Ảnh: AFP\" class=\"image\" src=\"https://media-cdn-v2.laodong.vn/storage/newsportal/2024/6/4/1348505/Mbappe-Farewell-Psg.jpg\" style=\"position: relative; display: block; color: transparent; overflow: hidden; width: 659px; margin-bottom: 0px; cursor: zoom-in;\"><figcaption class=\"image-caption\" style=\"font-size: 0.85em; line-height: 1.65em; font-style: italic; color: rgba(0, 0, 0, 0.7); padding-top: 5px; margin-bottom: 20px;\">Màn chia tay Kylian Mbappe tại Parc des Princes. Ảnh: AFP</figcaption></figure><p style=\"color: rgb(76, 73, 71); font-family: Roboto, sans-serif; font-size: 17.6px; background-color: rgb(252, 253, 254);\">Động thái của Mbappe được cho là tín hiệu tích cực với ban lãnh đạo Real Madrid sau lời đề nghị vào tháng Giêng 2024. Theo The Athletic, đích thân Chủ tịch Florentino Perez cũng thường xuyên liên lạc với Mbappe trong khoảng thời gian này - một điều hiếm thấy với các thương vụ chuyển nhượng của Real. Thông thường, cánh tay phải của Perez, Giám đốc thể thao Jose Angel Sanchez sẽ tiến hành đàm phán. Không những vậy, trong khoảng thời gian này, Real luôn khẳng định với truyền thông không còn quan tâm tới Mbappe, nhưng sự thật lại hoàn toàn ngược lại.</p><p style=\"color: rgb(76, 73, 71); font-family: Roboto, sans-serif; font-size: 17.6px; background-color: rgb(252, 253, 254);\"><span style=\"font-weight: bolder;\">...để mở ra một chương mới</span></p><p style=\"color: rgb(76, 73, 71); font-family: Roboto, sans-serif; font-size: 17.6px; background-color: rgb(252, 253, 254);\">Cũng theo The Athletic, vào thời điểm tháng 2.2024, một số thành viên trong đội ngũ của Kylian Mbappe cảm thấy không bị thuyết phục với lời đề nghị từ Los Blancos. Lý do là bởi con số mà chân sút người Pháp kiếm được tại Real thấp hơn nhiều so với mức đề nghị hiện tại từ PSG. Dù vậy, chính Mbappe đã bị thuyết phục sau cuộc nói chuyện với Chủ tịch Perez về những dự án thể thao trong tương lai, cùng việc chia lợi nhuận từ bản quyền hình ảnh và doanh thu cá nhân.</p><p style=\"color: rgb(76, 73, 71); font-family: Roboto, sans-serif; font-size: 17.6px; background-color: rgb(252, 253, 254);\">Cũng trong khoảng thời gian này, PSG có những động thái mạnh mẽ, khi tuyên bố không chấp nhận việc Kylian Mbappe rời đội bóng theo dạng chuyển nhượng tự do, dù chính tiền đạo người Pháp đã chấp nhận từ bỏ khoản tiền thưởng về lòng trung thành.<br><br>Đến ngày 13.2, thời điểm trước trận lượt đi vòng 1/8 Champions League 2023-2024 giữa Real và RB Leipzig, huấn luyện viên Carlo Ancelotti đã được thông báo về việc \"có thể yên tâm\" về trường hợp của Mbappe. Tiền đạo người Pháp được cho là sẽ sớm thông báo về quyết định ra đi vào cuối mùa giải.</p><figure class=\"insert-center-image\" style=\"margin-top: unset; margin-right: unset; margin-bottom: 20px; margin-left: unset; position: relative; color: rgb(76, 73, 71); font-family: Roboto, sans-serif; font-size: 17.6px; background-color: rgb(252, 253, 254);\"><img alt=\"Hiếm có thương vụ nào rắc rối như vụ của Mbappe và Real Madrid. Ảnh: AFP\" class=\"image\" src=\"https://media-cdn-v2.laodong.vn/storage/newsportal/2024/6/4/1348505/Mbappe-Psg-Toulouse.jpg\" style=\"position: relative; display: block; color: transparent; overflow: hidden; width: 659px; margin-bottom: 0px; cursor: zoom-in;\"><figcaption class=\"image-caption\" style=\"font-size: 0.85em; line-height: 1.65em; font-style: italic; color: rgba(0, 0, 0, 0.7); padding-top: 5px; margin-bottom: 20px;\">Hiếm có thương vụ nào rắc rối như vụ của Mbappe và Real Madrid. Ảnh: AFP</figcaption></figure><p style=\"color: rgb(76, 73, 71); font-family: Roboto, sans-serif; font-size: 17.6px; background-color: rgb(252, 253, 254);\">Chỉ 10 ngày sau đó, truyền thông phát hiện Mbappe xuất hiện tại Barcelona để tận hưởng kỳ du lịch trong vài ngày nghỉ phép. Tuy nhiên, The Athletic tiết lộ, chân sút người Pháp đã có cuộc đàm phán bí mật với Real Madrid về tương lai của mình. Người đại diện và đồng thời là mẹ của Mbappe, bà Fayza Lamari đã yêu cầu buổi gặp gỡ phải được bảo mật tuyệt đối, để con trai được bảo vệ tốt nhất có thể trong những tháng cuối cùng ở PSG.</p>', 'uploads/users/6664f39e791a71717891998mbappee.jpg', '2024-06-05 08:25:25', '2024-06-09 00:13:18', 25, 23, 1, 3, 1),
(7, 'Hà Nội: Hóa vàng ở cầu thang khu tập thể, người phụ nữ bị xử phạt', 'Người phụ nữ bị công an phạt 4 triệu đồng vì đốt vàng mã ở cầu thang khu tập thể Thành Công, phường Thành Công, quận Ba Đình.', 'Cảnh sát đã xử phạt bà H vì đốt vàng mã ở cầu thang khu tập thể ở phường Thành Công (quận Ba Đình, Hà Nội).\r\nBà H đốt vàng mã ở cầu thang khu tập thể\r\n\r\nBà H đốt vàng mã ở cầu thang khu tập thể\r\n\r\nMới đây, trên mạng xã hội Facebook chia sẻ clip ghi lại cảnh người dân đốt vàng mã ở chân cầu thang khu tập thể, tiềm ẩn nguy cơ cháy nổ. Sự việc xảy ra ở khu tập thể Thành Công, phường Thành Công (quận Ba Đình, Hà Nội).\r\n\r\nNội dung clip ghi lại cho thấy, một người phụ nữ đang hóa vàng ở cầu thang khu tập thể, bên cạnh ngọn lửa đang bùng lên. \r\n\r\nLúc này, một người phụ nữ khác khuyên nhủ không nên hoá vàng ở đây, dễ gây nguy cơ cháy nổ. \r\n\r\n\"Bây giờ ai cũng đốt ở đây nhỡ cháy thì sao hả chị\", một người phụ nữ hỏi. \r\n\r\nTrong khi đó, người phụ nữ đốt vàng mã nói: \"Chị đốt ở đây 40 năm chưa cháy bao giờ\". \r\n\r\nKhi người phụ nữ nói \"cháy chết người đền làm sao được\". Người này đáp \"em cứ trên đấy em tưởng tượng ra\".\r\n\r\nClip sau khi được chia sẻ đã thu hút nhiều bình luận từ người dùng Facebook. \r\n\r\nBà H bị xử phạt 4 triệu đồng\r\n\r\nBà H bị xử phạt 4 triệu đồng\r\n\r\nTrước thông tin trên, ngày 31/5, Công an quận Ba Đình (Hà Nội) cho biết, sau khi nhận được tin của người dân phản ánh về việc hộ dân tại khu tập thể Thành Công hoá vàng tại gầm cầm thang tiềm ẩn cháy nổ, công an đã có mặt tuyên truyền, xử lý.\r\n\r\nCảnh sát xác định, theo phản ánh của nhân dân tại phường Thành Công, Ba Đình, vào khoảng 11h30 ngày 31/5, bà L.T.T.H. (ở khu tập thể Thành Công, phường Thành Công) đốt vàng mã tại chiếu nghỉ tầng 4 của khu tập thể. Khói và tàn tro bay làm ảnh hưởng đến sức khoẻ, sinh hoạt của người dân lân cận và tiềm ẩn nguy cơ cao cháy nổ.\r\n\r\nNhận được tin, cảnh sát đến yêu cầu bà T đến trụ sở ủy ban phường làm việc.\r\n\r\nTại đây, đại diện chính quyền địa phương đã tuyên truyền, hướng dẫn và thông báo nội dung hành vi vi phạm quy định an toàn về phòng cháy chữa cháy của bà H về hành vi sử dựng nguồn lửa, nguồn nhiệt ở những nơi có quy định cấm (cầu thang bộ thoát nạn của nhà).\r\n\r\nLực lượng chức năng lập biên bản làm việc ghi nhận nội dung vụ việc và lập biên bản xử phạt vi phạm hành chính 4 triệu đồng đối với bà H về hành vi sử dụng nguồn lửa, nguồn nhiệt ở những nơi có quy định cấm theo quy định tại khoản 3 Điều 35 Nghị định số 144/2021/NĐ-CP.Được cơ quan công an tuyên truyền, giải thích, bà H cũng đã nhận thức được hành vi vi phạm pháp luật của bản thân, và cam kết với các cơ quan chức năng không tái diễn lại hành vi trên.', 'uploads/users/6664f58bec7d51717892491fq12.jpg', '2024-06-05 08:27:04', '2024-06-09 00:21:31', 15, 23, 4, 3, 1),
(8, 'Israel bị cả Hezbollah lẫn Houthi tập kích \"chưa từng thấy\"', 'Ngày 3/6, hãng tin bán chính thức SNN của Iran đưa tin, một cố vấn quân sự nước này đã thiệt mạng trong vụ không kích cùng ngày của Israel tại Syria.', 'Lực lượng Hezbollah ở Lebanon và Houthi ở Yemen đồng loạt tấn công vào lãnh thổ Israel.\r\nHezbollah hôm 3-6 tuyên bố họ đã phóng cả phi đội máy bay không người lái (UAV) vào mục tiêu ở Galilee, miền Bắc Israel.\r\n\r\nReuters cho hay kể từ tháng 10 năm ngoái, Hezbollah đã nhiều lần sử dụng UAV tập kích xuyên biên giới Israel, song đây là lần đầu tiên họ sử dụng tới cả một phi đội.\r\n\r\nĐối đầu giữa Hezbollah với Israel bùng phát song song với xung đột Israel - Hamas ở Dải Gaza, làm dấy lên lo ngại về nguy cơ nổ ra xung đột lớn hơn xuyên biên giới Israel - Lebanon.\r\n\r\nHezbollah cũng cho biết họ đã phóng hàng chục quả tên lửa Katyusha vào các mục tiêu của Israel ở Cao nguyên Golan.\r\n\r\nHezbollah tuyên bố các đòn tấn công dồn dập của họ nhằm trả đũa vụ không kích đêm trước đó của quân đội Israel vào khu vực Zrariyeh (cách biên giới Lebanon – Israel khoảng 25 km) khiến 2 người Lebanon thiệt mạng, trong đó có một thành viên Hezbollah.\r\n\r\nMột số nhà cửa ở khu vực biên giới Lebanon – Israel hư hại do các vụ tập kích lẫn nhau. Ảnh: Reuters\r\n\r\nMột số nhà cửa ở khu vực biên giới Lebanon – Israel hư hại do các vụ tập kích lẫn nhau. Ảnh: Reuters\r\n\r\nCòi báo động không kích vang lên nhiều lần trên khắp miền Bắc Israel khiến người dân phải chạy tìm nơi trú ẩn.\r\n\r\nQuân đội Israel cho biết họ đã chặn một UAV mang theo thuốc nổ từ Lebanon và ít nhất hai chiếc khác rơi ở miền Bắc Israel.\r\n\r\nCác vụ phóng tên lửa và UAV liên tục của Hezbollah kể từ ngày 2-6 đã gây cháy rừng nhấn chìm những vùng đất rộng lớn ở miền Bắc Israel.\r\n\r\nMột số ngôi nhà cũng đã bị bốc cháy, quân đội Israel đã điều lực lượng và thiết bị đến giúp ngăn chặn ngọn lửa lan nhanh do thời tiết khô nóng. Quá trình dập lửa khiến 6 quân nhân bị thương nhẹ.\r\n\r\nKhói lửa bao trùm khu vực Kiryat Shmona của Israel gần biên giới Lebanon hôm 3-6. Ảnh: Reuters\r\n\r\nKhói lửa bao trùm khu vực Kiryat Shmona của Israel gần biên giới Lebanon hôm 3-6. Ảnh: Reuters\r\n\r\nReuters mô tả nhiều người Israel sống ở các thị trấn gần biên giới Lebanon đã sơ tán nhiều tháng trước do lo sợ đụng độ.\r\n\r\nHezbollah cũng cho biết trong ngày 2-6 họ đã phóng UAV nhằm vào Liman ở miền Bắc Israel. Cũng trong ngày, một UAV khác rơi xuống thành phố ven biển Nahariya – Israel, gây hỏa hoạn nhưng không ai bị thương. \r\n\r\nThành phố cảng Eilat, cực Nam của Israel, cũng bị lực lượng Houthi ở Yemen tập kích bằng tên lửa đạn đạo mới \"chưa từng tuyên bố trước đây\".\r\n\r\n\"Chúng tôi đã nhắm mục tiêu vào địa điểm quân sự Israel ở Eilat bằng ‘tên lửa đạn đạo Palestine’ và đã thành công\" – Reuters dẫn tuyên bố từ phát ngôn viên Houthi Yahya Saree hôm 3-6.', 'uploads/users/6664f62d026301717892653568009.jpeg', '2024-06-04 08:30:50', '2024-06-09 00:24:13', 3, 23, 4, 1, 1),
(9, '11 thực phẩm giúp làm sạch gan', 'SKĐS - Nhiều loại thực phẩm có chứa các hợp chất như chất chống oxy hóa, có thể hỗ trợ sức khỏe gan bằng cách giảm viêm, giảm căng thẳng oxy hóa và ngăn ngừa tổn thương tế bào.', 'Thường xuyên tiêu thụ tỏi, trà xanh, rau lá xanh và hoa quả có múi... giúp gan thải độc tố, tăng cường chức năng và giảm tổn thương gan.\r\nGan là một trong những cơ quan quan trọng nhất trong cơ thể, chịu trách nhiệm giải độc máu, sản xuất các protein thiết yếu và hỗ trợ tiêu hóa. Trong khi gan thường tự thải độc một cách tự nhiên, một số loại thực phẩm có thể hỗ trợ và tăng cường quá trình này, bao gồm:\r\n\r\nTỏi\r\n\r\n11 thực phẩm giúp làm sạch gan - 1\r\n\r\nTỏi chứa nhiều hợp chất lưu huỳnh có tác dụng kích hoạt các men gan chịu trách nhiệm thải độc tố. Nó chứa allicin và selen, hai chất dinh dưỡng mạnh mẽ giúp bảo vệ gan khỏi bị hư hại và hỗ trợ quá trình giải độc.\r\n\r\nCủ dền\r\n\r\nCủ dền là nguồn cung cấp betalain và các hợp chất khác hỗ trợ giải độc gan và giảm viêm. Theo một nghiên cứu trên tạp chí Dinh dưỡng, nước ép củ dền có thể cải thiện chức năng gan và giảm tổn thương oxy hóa ở gan.\r\n\r\nTrà xanh\r\n\r\nTrà xanh chứa nhiều catechin, chất chống oxy hóa giúp cải thiện chức năng gan và bảo vệ chống lại các bệnh về gan. Tiêu thụ trà xanh thường xuyên có thể làm giảm mức men gan, cho thấy sức khỏe gan tốt hơn.\r\n\r\nRau lá xanh\r\n\r\n11 thực phẩm giúp làm sạch gan - 2\r\n\r\nCác loại rau lá xanh như cải xoăn, rau bina và rau arugula có nhiều chất diệp lục, giúp giải độc gan bằng cách trung hòa kim loại nặng, hóa chất và thuốc trừ sâu.\r\n\r\nDầu ô liu\r\n\r\nDầu ô liu, đặc biệt là dầu ô liu nguyên chất, được biết đến với những lợi ích sức khỏe, bao gồm hỗ trợ sức khỏe gan. Nó cung cấp cơ sở lipid có thể hút các độc tố có hại trong cơ thể, làm giảm khối lượng công việc của gan.\r\n\r\nBưởi\r\n\r\nBưởi rất giàu chất chống oxy hóa, đặc biệt là naringenin và naringin, được chứng minh là có tác dụng bảo vệ gan bằng cách giảm viêm và ngăn ngừa tổn thương tế bào. Những chất chống oxy hóa này giúp duy trì sức khỏe gan bằng cách giảm căng thẳng oxy hóa.\r\n\r\nHạt óc chó\r\n\r\n11 thực phẩm giúp làm sạch gan - 3\r\n\r\nQuả óc chó chứa nhiều arginine, một loại axit amin giúp gan thải độc amoniac. Chúng cũng giàu axit béo omega-3 và glutathione, hỗ trợ làm sạch gan. Quả óc chó cải thiện chức năng gan và giảm nguy cơ mắc bệnh gan.\r\n\r\nNghệ\r\n\r\nCủ nghệ có chứa chất curcumin, một hợp chất chống viêm và chống oxy hóa mạnh mẽ giúp tăng cường giải độc gan. Curcumin có thể bảo vệ gan khỏi bị hư hại và cải thiện chức năng gan.\r\n\r\nHoa quả có múi\r\n\r\nCác loại trái cây có múi như cam, chanh chứa nhiều vitamin C và chất chống oxy hóa, kích thích gan và giúp chuyển hóa chất độc thành hợp chất hòa tan trong nước.\r\n\r\nTáo\r\n\r\nTáo chứa nhiều pectin, một loại chất xơ giúp làm sạch gan bằng cách loại bỏ độc tố khỏi đường tiêu hóa. Tiêu thụ táo thường xuyên có thể cải thiện sức khỏe gan và hỗ trợ chức năng giải độc của gan.\r\n\r\nRau củ\r\n\r\nCác loại rau họ cải như bông cải xanh và súp lơ trắng rất giàu glucosinolates, giúp gan sản xuất các enzyme giải độc. Những loại rau này hỗ trợ giải độc gan và giảm nguy cơ mắc bệnh gan.', 'client/assets/images/news/lifestyle/architecture3.jpg', '2024-06-04 10:32:15', '2024-06-04 10:32:15', 10, 23, 5, 3, 1),
(10, 'Khó tin nhưng có thật: Người đàn ông gãy xương đùi do ho', 'Xương đùi là phần xương cứng nhất nhì trong cơ thể, nhưng người đàn ông ở Trung Quốc đã bị gãy phần xương này chỉ vì một cơn ho.', 'Xương đùi là phần xương cứng nhất nhì trong cơ thể, nhưng người đàn ông ở Trung Quốc đã bị gãy phần xương này chỉ vì một cơn ho.\r\nMới đây, các bác sĩ tại Bệnh viện Nhân dân số 2 tỉnh Phúc Kiến, Trung Quốc báo cáo một trường hợp gây sốc của một bệnh nhân 35 tuổi tên Ye, anh được cho là đã bị gãy xương đùi sau 1 cơn ho.\r\n\r\nDong Zhong, trưởng khoa Chỉnh hình tại bệnh viện cho biết, tình trạng này rất bất thường. Nam giới ở độ tuổi như anh Ye thường bị gãy xương đùi do chấn thương nghiêm trọng như tai nạn giao thông hoặc rơi từ độ cao đáng kể.\r\n\r\nAnh Ye nói với các bác sĩ rằng, mình cảm thấy bị đau nhói sau một cơn ho cực kỳ mạnh nhưng chỉ xem đó như cơn chuột rút. Sau khi nhận thấy việc đi lại trở nên khó khăn vì quá đau, anh mới quyết định tới bệnh viện kiểm tra.\r\n\r\nKết quả chụp X-quang cho thấy anh Ye bị gãy xương đùi.\r\n\r\nKết quả chụp X-quang cho thấy anh Ye bị gãy xương đùi.\r\n\r\nKết quả chụp X-quang cho thấy anh Ye bị gãy xương đùi. Tuy nhiên, nguyên nhân gãy xương đùi do một cơn ho lại quá bất thường, hơn nữa anh cũng không có bất kỳ chấn thương nào khác trên cơ thể.\r\n\r\nBác sĩ Dong Zhong và nhóm của mình quyết định tìm hiểu kỹ hơn về chấn thương đặc biệt này. Anh Ye được hỏi về tình trạng sức khoẻ tổng thể, thói quen ăn uống và sinh hoạt, đồng thời được tiến hành kiểm tra mật độ xương.\r\n\r\nLúc này, bác sĩ mới phát hiện ra vấn đề, mật độ xương của anh Ye giống như một ông lão 80 tuổi. Đây là một điều rất kỳ lạ ngay cả đối với những người đàn ông ít vận động.\r\n\r\nSau khi tiến hành các xét nghiệm xác nhận anh Ye không mắc các bệnh về xương nào, bác sĩ kết luận rằng xương của anh cực kỳ mỏng manh do thói quen uống coca, chế độ ăn uống không lành mạnh và ít tập thể dục.\r\n\r\nKhó tin nhưng có thật: Người đàn ông gãy xương đùi do ho - 2\r\n\r\nAnh Ye cũng tiết lộ rằng, anh thay thế nước lọc bằng các loại đồ uống có ga. Điều này được cho là nguyên nhân khiến cơ thể anh không thể hấp thụ canxi đúng cách, từ đó ảnh hưởng tới mật độ xương.\r\n\r\nBác sĩ Dong Zhong giải thích rằng, nước ngọt có ga như coca chứa axit photphoric kết hợp với canxi trong thức ăn bình thường để tạo thành canxi photphat sau khi vào cơ thể. Cơ thể con người khó hấp thụ loại canxi này. Uống những đồ uống như vậy thường xuyên trong thời gian dài có thể gây ra hậu quả nghiêm trọng đối với mật độ xương.', 'client/assets/images/news/lifestyle/travel3.jpg', '2024-06-04 10:39:59', '2024-06-04 10:39:59', 6, 2, 5, 1, 1),
(11, 'Điểm mặt những ứng viên đua vô địch EURO 2024', 'Những đội tuyển nào được xếp vào nhóm ứng viên vô địch EURO 2024?', '<p style=\"color: rgb(76, 73, 71); font-family: Roboto, sans-serif; font-size: 17.6px; background-color: rgb(252, 253, 254);\">10 ngày nữa, EURO 2024 sẽ khởi tranh ở Đức. 24 đội tuyển đang trong giai đoạn chuẩn bị cho ngày hội bóng đá lớn nhất châu Âu, nhưng không phải đội nào cũng là ứng viên cho chức vô địch.</p><p style=\"color: rgb(76, 73, 71); font-family: Roboto, sans-serif; font-size: 17.6px; background-color: rgb(252, 253, 254);\">Đâu là những ứng cử viên hàng đầu cho chiến thắng cuối cùng của EURO 2024?</p><p style=\"color: rgb(76, 73, 71); font-family: Roboto, sans-serif; font-size: 17.6px; background-color: rgb(252, 253, 254);\"><span style=\"font-weight: bolder;\">Đội tuyển Đức</span></p><figure class=\"insert-center-image\" style=\"margin-top: unset; margin-right: unset; margin-bottom: 20px; margin-left: unset; position: relative; color: rgb(76, 73, 71); font-family: Roboto, sans-serif; font-size: 17.6px; background-color: rgb(252, 253, 254);\"><img alt=\"Với tư cách là nước chủ nhà, đội tuyển Đức đang nhận được sự kỳ vọng lớn từ người hâm mộ. Ảnh: ESPN\" class=\"image\" src=\"https://media-cdn-v2.laodong.vn/storage/newsportal/2024/6/5/1349057/Ung-Cu-Vien-Vo-Dich-.jpg\" style=\"position: relative; display: block; color: transparent; overflow: hidden; width: 659px; margin-bottom: 0px; cursor: zoom-in;\"><figcaption class=\"image-caption\" style=\"font-size: 0.85em; line-height: 1.65em; font-style: italic; color: rgba(0, 0, 0, 0.7); padding-top: 5px; margin-bottom: 20px;\">Với tư cách là chủ nhà, đội tuyển Đức nhận được sự kỳ vọng lớn từ người hâm mộ. Ảnh: ESPN</figcaption></figure><p style=\"color: rgb(76, 73, 71); font-family: Roboto, sans-serif; font-size: 17.6px; background-color: rgb(252, 253, 254);\">Là chủ nhà, De Mannschaft nhận được rất nhiều kỳ vọng từ người hâm mộ. Ở mùa giải cấp câu lạc bộ vừa qua, bóng đá Đức khá thành công với 3 đại diện vào bán kết 2 Cúp châu Âu, trong đó, Bayer Leverkusen và Dortmund vào chung kết Europa League và Champions League.</p><p style=\"color: rgb(76, 73, 71); font-family: Roboto, sans-serif; font-size: 17.6px; background-color: rgb(252, 253, 254);\">Dù 2 đội đều thua nhưng huấn luyện viên Julian Nagelsmann lại có cơ hội chọn những quân bài tốt nhất. Có những nhân tố chơi nổi bật như Florian Wirtz (Bayer Leverkusen), Jamal Musiala (Bayern Munich), có Kai Havertz (Arsenal), có sự trở lại của Toni Kroos, cùng các lão tướng dày dặn kinh nghiệm... đây được xem là&nbsp;<a href=\"https://laodong.vn/bong-da-quoc-te/lich-thi-dau-nhan-dinh-bang-a-euro-2024-chu-nha-duc-khong-duoc-chu-quan-1347990.ldo\" target=\"_blank\" title=\"đội tuyển Đức\" style=\"color: rgb(59, 89, 152);\">đội tuyển Đức</a>&nbsp;thú vị nhất trong nhiều năm trở lại đây.</p><p style=\"color: rgb(76, 73, 71); font-family: Roboto, sans-serif; font-size: 17.6px; background-color: rgb(252, 253, 254);\"><span style=\"font-weight: bolder;\">Đội tuyển Pháp</span></p><figure class=\"insert-center-image\" style=\"margin-top: unset; margin-right: unset; margin-bottom: 20px; margin-left: unset; position: relative; color: rgb(76, 73, 71); font-family: Roboto, sans-serif; font-size: 17.6px; background-color: rgb(252, 253, 254);\"><img alt=\"Mọi ánh mặt đều được đồ dồn vào ngôi sao số một của tuyển Pháp Kylian Mbappe. Ảnh: L\'Équipe\" class=\"image\" src=\"https://media-cdn-v2.laodong.vn/storage/newsportal/2024/6/5/1349057/Ung-Cu-Vien-Vo-Dich--02.jpg\" style=\"position: relative; display: block; color: transparent; overflow: hidden; width: 659px; margin-bottom: 0px; cursor: zoom-in;\"><figcaption class=\"image-caption\" style=\"font-size: 0.85em; line-height: 1.65em; font-style: italic; color: rgba(0, 0, 0, 0.7); padding-top: 5px; margin-bottom: 20px;\">Mọi ánh mặt đồ dồn vào ngôi sao số 1 của tuyển Pháp, Kylian Mbappe. Ảnh: L\'Équipe</figcaption></figure><p style=\"color: rgb(76, 73, 71); font-family: Roboto, sans-serif; font-size: 17.6px; background-color: rgb(252, 253, 254);\">Với đầu tàu là ngôi sao Kylian Mbappe, đội tuyển Pháp tràn đầy quyết tâm giành chức vô địch EURO 2024. Thủ quân của Les Bleus vừa ấn định tương lai tại Real Madrid từ mùa giải sang năm. Điều này sẽ giúp “Cậu bé vàng nước Pháp” tập trung hết sức lực cho giải đấu năm nay.</p><p style=\"color: rgb(76, 73, 71); font-family: Roboto, sans-serif; font-size: 17.6px; background-color: rgb(252, 253, 254);\">Huấn luyện viên Didier Deschamps còn gọi những công thần đã cùng mình lên ngôi tại World Cup 2018 như Benjamin Pavard, N\'Golo Kante, Antoine Griezmann, Olivier Giroud...</p><p style=\"color: rgb(76, 73, 71); font-family: Roboto, sans-serif; font-size: 17.6px; background-color: rgb(252, 253, 254);\">Nhưng bài học tại EURO 2020 - thi đấu mờ nhạt và bị loại ở vòng 1/8 sau loạt luân lưu, hay cú ngã ở chung kết World Cup 2022, cũng sẽ khiến cho đoàn quân của Deschamps phải dè chừng.</p><p style=\"color: rgb(76, 73, 71); font-family: Roboto, sans-serif; font-size: 17.6px; background-color: rgb(252, 253, 254);\"><span style=\"font-weight: bolder;\">Đội tuyển Anh</span></p><figure class=\"insert-center-image\" style=\"margin-top: unset; margin-right: unset; margin-bottom: 20px; margin-left: unset; position: relative; color: rgb(76, 73, 71); font-family: Roboto, sans-serif; font-size: 17.6px; background-color: rgb(252, 253, 254);\"><img alt=\"Đội tuyển Anh có giá trị đội hình cao nhất Euro 2024 với tổng giá trị là 1,38 tỷ Euro. Ảnh: Goal.com\" class=\"image\" src=\"https://media-cdn-v2.laodong.vn/storage/newsportal/2024/6/5/1349057/Ung-Cu-Vien-Vo-Dich--01.jpg\" style=\"position: relative; display: block; color: transparent; overflow: hidden; width: 659px; margin-bottom: 0px; cursor: zoom-in;\"><figcaption class=\"image-caption\" style=\"font-size: 0.85em; line-height: 1.65em; font-style: italic; color: rgba(0, 0, 0, 0.7); padding-top: 5px; margin-bottom: 20px;\">Đội tuyển Anh có giá trị đội hình cao nhất Euro 2024 là 1,38 tỉ Euro. Ảnh: Goal</figcaption></figure><p style=\"color: rgb(76, 73, 71); font-family: Roboto, sans-serif; font-size: 17.6px; background-color: rgb(252, 253, 254);\">Theo chuyên trang định giá Transfermarkt,&nbsp;<a href=\"https://laodong.vn/bong-da-quoc-te/lich-thi-dau-nhan-dinh-euro-2024-khac-biet-tuyen-anh-o-bang-c-1348960.ldo\" target=\"_blank\" title=\"đội tuyển Anh\" style=\"color: rgb(59, 89, 152);\">đội tuyển Anh</a>&nbsp;có giá trị đội hình cao nhất EURO 2024 - 1,38 tỉ Euro, trong đó, Jude Bellingham là cầu thủ đắt giá nhất, với 180 triệu Euro.</p><p style=\"color: rgb(76, 73, 71); font-family: Roboto, sans-serif; font-size: 17.6px; background-color: rgb(252, 253, 254);\">Tiền vệ của Real Madrid nhận được rất nhiều kỳ vọng từ người hâm mộ, khi trải qua mùa giải thành công với 23 bàn thắng, 12 kiến tạo và cú đúp danh hiệu tại La Liga và Champions League, chưa kể Siêu cúp Tây Ban Nha.</p><p style=\"color: rgb(76, 73, 71); font-family: Roboto, sans-serif; font-size: 17.6px; background-color: rgb(252, 253, 254);\">Tuyển Anh năm nay sở hữu đội hình mà nhiều huấn luyện viên thèm khát. Họ có Vua phá lưới châu Âu mùa 2023-2024 - Harry Kane, với 44 bàn thắng, có Cầu thủ xuất sắc nhất Ngoại Hạng Anh - Phil Foden, có Bukayo Saka đầy đột biến bên cánh và ông chủ tuyến giữa Declan Rice...</p><p style=\"color: rgb(76, 73, 71); font-family: Roboto, sans-serif; font-size: 17.6px; background-color: rgb(252, 253, 254);\">Việc của huấn luyện viên Gareth Southgate là tìm ra sơ đồ chiến thuật phù hợp để phát huy tối đa tài năng của các ngôi sao.</p><p style=\"color: rgb(76, 73, 71); font-family: Roboto, sans-serif; font-size: 17.6px; background-color: rgb(252, 253, 254);\"><span style=\"font-weight: bolder;\">Đội tuyển Bồ Đào Nha</span></p><figure class=\"insert-center-image\" style=\"margin-top: unset; margin-right: unset; margin-bottom: 20px; margin-left: unset; position: relative; color: rgb(76, 73, 71); font-family: Roboto, sans-serif; font-size: 17.6px; background-color: rgb(252, 253, 254);\"><img alt=\"Bồ Đào Nha đang sở hữu phong độ ấn tượng trước tiền giải đấu Euro 2024. Ảnh: FourFourTwo\" class=\"image\" src=\"https://media-cdn-v2.laodong.vn/storage/newsportal/2024/6/5/1349057/Ung-Cu-Vien-Vo-Dich--03.jpg\" style=\"position: relative; display: block; color: transparent; overflow: hidden; width: 659px; margin-bottom: 0px; cursor: zoom-in;\"><figcaption class=\"image-caption\" style=\"font-size: 0.85em; line-height: 1.65em; font-style: italic; color: rgba(0, 0, 0, 0.7); padding-top: 5px; margin-bottom: 20px;\">Bồ Đào Nha có phong độ ấn tượng trước EURO 2024. Ảnh: FourFourTwo</figcaption></figure><p style=\"color: rgb(76, 73, 71); font-family: Roboto, sans-serif; font-size: 17.6px; background-color: rgb(252, 253, 254);\">Không thể loại tuyển Bồ Đào Nha ra khỏi danh sách ứng viên vô địch khi họ có siêu sao Cristiano Ronaldo. Mùa giải vừa qua, CR7 vẫn khiến cả thế giới nhắc đến mình với 44 bàn sau 45 trận. Ronaldo cũng trở thành cầu thủ đầu tiên trong lịch sử giành Chiếc giày vàng ở 4 giải đấu khác nhau.</p><p style=\"color: rgb(76, 73, 71); font-family: Roboto, sans-serif; font-size: 17.6px; background-color: rgb(252, 253, 254);\">Nhưng huấn luyện viên Roberto Martinez không thể đặt hết trọng trách ghi bàn lên một tiền đạo đã sang tuổi 39. Và ông yên tâm về phần còn lại, khi \"Selecao châu Âu\" đi qua chiến dịch vòng loại với tư cách đội duy nhất toàn thắng 10 trận, ghi 36 bàn (nhiều nhất) và chỉ thủng lưới 2 bàn (ít nhất).</p><p style=\"color: rgb(76, 73, 71); font-family: Roboto, sans-serif; font-size: 17.6px; background-color: rgb(252, 253, 254);\">Bồ Đào Nha năm nay đồng đều ở cả 3 tuyến và lối chơi kiểm soát bóng ấn tượng, để có cơ hội tái hiện chiến thắng từng có ở EURO 2016.</p>', 'uploads/users/6664f5383e70b171789240803-09t192202832.jpg', '2024-06-04 10:50:31', '2024-06-09 00:20:08', 6, 23, 1, 1, 1),
(12, 'Mbappe ghi bàn và lập cú đúp kiến tạo', 'Kylian Mbappe góp công vào cả ba bàn khi Pháp thắng Luxemnbourg 3-0 ngày 5/6, trong trận giao hữu trước thềm Euro 2024.', '<p class=\"Normal\" style=\"margin-right: 0px; margin-bottom: 1em; margin-left: 0px; padding: 0px; text-rendering: optimizespeed; line-height: 28.8px; color: rgb(16, 16, 16); font-family: arial; font-size: 18px;\">Trận gặp đội hạng 87 FIFA là cữ dượt đầu tiên của Pháp sau khi hội quân chuẩn bị dự Euro 2024. HLV Didier Deschamps dùng đội hình xuất phát được xem là gần như mạnh nhất. Kylian Mbappe đá cùng Kolo Muani và Marcus Thuram trên hàng công. Lão tướng N\'Golo Kante trở lại với vai trò tiền vệ con thoi bên cạnh Youssuf Fofana và Antoine Griezmann. Bên dưới, Deschamps bố trí Jules Kounde, Ibrahima Konate, Dayot Upamecano và Theo Hernandez chơi ngay trên thủ môn Mike Maignan.</p><figure data-size=\"true\" itemprop=\"associatedMedia image\" itemscope=\"\" itemtype=\"http://schema.org/ImageObject\" class=\"tplCaption action_thumb_added\" style=\"margin-right: auto; margin-bottom: 15px; margin-left: auto; padding: 0px; text-rendering: optimizelegibility; max-width: 100%; clear: both; position: relative; text-align: center; width: 680px; float: left; color: rgb(16, 16, 16); font-family: arial; font-size: 18px;\"><div class=\"fig-picture\" style=\"margin: 0px; padding: 0px 0px 493.766px; text-rendering: optimizelegibility; width: 680px; float: left; display: table; -webkit-box-pack: center; justify-content: center; background: rgb(240, 238, 234); position: relative;\"><picture style=\"margin: 0px; padding: 0px; text-rendering: optimizelegibility;\"><source data-srcset=\"https://i1-thethao.vnecdn.net/2024/06/06/mbappe-7923-1717625548.jpg?w=680&amp;h=0&amp;q=100&amp;dpr=1&amp;fit=crop&amp;s=jsC_-QgquEY5y_ydcABcGw 1x, https://i1-thethao.vnecdn.net/2024/06/06/mbappe-7923-1717625548.jpg?w=1020&amp;h=0&amp;q=100&amp;dpr=1&amp;fit=crop&amp;s=4loa0Ya2ZbwYnuwo0V50vA 1.5x, https://i1-thethao.vnecdn.net/2024/06/06/mbappe-7923-1717625548.jpg?w=680&amp;h=0&amp;q=100&amp;dpr=2&amp;fit=crop&amp;s=rO8LsYiOKbBzj-OT2Uz3Rg 2x\" srcset=\"https://i1-thethao.vnecdn.net/2024/06/06/mbappe-7923-1717625548.jpg?w=680&amp;h=0&amp;q=100&amp;dpr=1&amp;fit=crop&amp;s=jsC_-QgquEY5y_ydcABcGw 1x, https://i1-thethao.vnecdn.net/2024/06/06/mbappe-7923-1717625548.jpg?w=1020&amp;h=0&amp;q=100&amp;dpr=1&amp;fit=crop&amp;s=4loa0Ya2ZbwYnuwo0V50vA 1.5x, https://i1-thethao.vnecdn.net/2024/06/06/mbappe-7923-1717625548.jpg?w=680&amp;h=0&amp;q=100&amp;dpr=2&amp;fit=crop&amp;s=rO8LsYiOKbBzj-OT2Uz3Rg 2x\" style=\"margin: 0px; padding: 0px; text-rendering: optimizelegibility;\"><img itemprop=\"contentUrl\" loading=\"lazy\" intrinsicsize=\"680x0\" alt=\"Mbappe (áo xanh) đi bóng trước các hậu vệ Luxembourg trong trận giao hữu tối 5/6 tại Pháp. Ảnh: Reuters\" class=\"lazy lazied\" src=\"https://i1-thethao.vnecdn.net/2024/06/06/mbappe-7923-1717625548.jpg?w=680&amp;h=0&amp;q=100&amp;dpr=1&amp;fit=crop&amp;s=jsC_-QgquEY5y_ydcABcGw\" data-src=\"https://i1-thethao.vnecdn.net/2024/06/06/mbappe-7923-1717625548.jpg?w=680&amp;h=0&amp;q=100&amp;dpr=1&amp;fit=crop&amp;s=jsC_-QgquEY5y_ydcABcGw\" data-ll-status=\"loaded\" style=\"margin: 0px; padding: 0px; text-rendering: optimizelegibility; border: 0px; font-size: 0px; line-height: 0; max-width: 100%; position: absolute; top: 0px; left: 0px; max-height: 700px; width: 680px;\"></picture></div><figcaption itemprop=\"description\" style=\"margin: 0px; padding: 0px; text-rendering: optimizelegibility; width: 680px; float: left; text-align: left;\"><p class=\"Image\" style=\"margin-right: 0px; margin-bottom: 0px; margin-left: 0px; padding: 10px 0px 0px; text-rendering: optimizespeed; font-variant-numeric: normal; font-variant-east-asian: normal; font-variant-alternates: normal; font-kerning: auto; font-optical-sizing: auto; font-feature-settings: normal; font-variation-settings: normal; font-variant-position: normal; font-stretch: normal; font-size: 14px; line-height: 22.4px; color: rgb(34, 34, 34);\">Mbappe (áo xanh) đi bóng trước các hậu vệ Luxembourg trong trận giao hữu tối 5/6 tại Pháp. Ảnh:&nbsp;<em style=\"margin: 0px; padding: 0px; text-rendering: optimizelegibility;\">Reuters</em></p></figcaption></figure><p class=\"Normal\" style=\"margin-right: 0px; margin-bottom: 1em; margin-left: 0px; padding: 0px; text-rendering: optimizespeed; line-height: 28.8px; color: rgb(16, 16, 16); font-family: arial; font-size: 18px;\"><br><br></p><p class=\"Normal\" style=\"margin-right: 0px; margin-bottom: 1em; margin-left: 0px; padding: 0px; text-rendering: optimizespeed; line-height: 28.8px; color: rgb(16, 16, 16); font-family: arial; font-size: 18px;\"><br></p><p class=\"Normal\" style=\"margin-right: 0px; margin-bottom: 1em; margin-left: 0px; padding: 0px; text-rendering: optimizespeed; line-height: 28.8px; color: rgb(16, 16, 16); font-family: arial; font-size: 18px;\"><br></p><p class=\"Normal\" style=\"margin-right: 0px; margin-bottom: 1em; margin-left: 0px; padding: 0px; text-rendering: optimizespeed; line-height: 28.8px; color: rgb(16, 16, 16); font-family: arial; font-size: 18px;\"><br></p><p class=\"Normal\" style=\"margin-right: 0px; margin-bottom: 1em; margin-left: 0px; padding: 0px; text-rendering: optimizespeed; line-height: 28.8px; color: rgb(16, 16, 16); font-family: arial; font-size: 18px;\"><br></p><p class=\"Normal\" style=\"margin-right: 0px; margin-bottom: 1em; margin-left: 0px; padding: 0px; text-rendering: optimizespeed; line-height: 28.8px; color: rgb(16, 16, 16); font-family: arial; font-size: 18px;\"><br></p><p class=\"Normal\" style=\"margin-right: 0px; margin-bottom: 1em; margin-left: 0px; padding: 0px; text-rendering: optimizespeed; line-height: 28.8px; color: rgb(16, 16, 16); font-family: arial; font-size: 18px;\"><br></p><p class=\"Normal\" style=\"margin-right: 0px; margin-bottom: 1em; margin-left: 0px; padding: 0px; text-rendering: optimizespeed; line-height: 28.8px; color: rgb(16, 16, 16); font-family: arial; font-size: 18px;\"><br></p><p class=\"Normal\" style=\"margin-right: 0px; margin-bottom: 1em; margin-left: 0px; padding: 0px; text-rendering: optimizespeed; line-height: 28.8px; color: rgb(16, 16, 16); font-family: arial; font-size: 18px;\"><br></p><p class=\"Normal\" style=\"margin-right: 0px; margin-bottom: 1em; margin-left: 0px; padding: 0px; text-rendering: optimizespeed; line-height: 28.8px; color: rgb(16, 16, 16); font-family: arial; font-size: 18px;\"><br></p><p class=\"Normal\" style=\"margin-right: 0px; margin-bottom: 1em; margin-left: 0px; padding: 0px; text-rendering: optimizespeed; line-height: 28.8px; color: rgb(16, 16, 16); font-family: arial; font-size: 18px;\"><br></p><p class=\"Normal\" style=\"margin-right: 0px; margin-bottom: 1em; margin-left: 0px; padding: 0px; text-rendering: optimizespeed; line-height: 28.8px; color: rgb(16, 16, 16); font-family: arial; font-size: 18px;\"><br><a href=\"https://vnexpress.net/chu-de/doi-tuyen-bong-da-phap-560\" rel=\"dofollow\" data-itm-source=\"#vn_source=Detail-TheThao_Euro2024_TinTuc-4754871&amp;vn_campaign=Box-InternalLink&amp;vn_medium=Link-Phap&amp;vn_term=Desktop&amp;vn_thumb=0\" data-itm-added=\"1\" style=\"margin: 0px; padding: 0px 0px 1px; text-rendering: optimizelegibility; color: rgb(7, 109, 182); position: relative; text-underline-position: under; border-bottom-width: 1px; border-bottom-style: solid;\">Pháp</a>&nbsp;chơi chủ động trên sân nhà, nhưng không quá áp đảo. Luxembourg, đội chưa từng dự World Cup hay Euro, vẫn kiểm soát bóng đến 47%. Á quân World Cup 2022 phải đợi đến phút 43 mới ghi bàn đầu tiên. Mbappe tạt cánh trái kiến tạo cho Muani đánh đầu lập công.</p><p class=\"Normal\" style=\"margin-right: 0px; margin-bottom: 1em; margin-left: 0px; padding: 0px; text-rendering: optimizespeed; line-height: 28.8px; color: rgb(16, 16, 16); font-family: arial; font-size: 18px;\">Sau giờ nghỉ, HLV&nbsp;<a href=\"https://vnexpress.net/chu-de/didier-deschamps-205\" rel=\"dofollow\" data-itm-source=\"#vn_source=Detail-TheThao_Euro2024_TinTuc-4754871&amp;vn_campaign=Box-InternalLink&amp;vn_medium=Link-Deschamps&amp;vn_term=Desktop&amp;vn_thumb=0\" data-itm-added=\"1\" style=\"margin: 0px; padding: 0px 0px 1px; text-rendering: optimizelegibility; color: rgb(7, 109, 182); position: relative; text-underline-position: under; border-bottom-width: 1px; border-bottom-style: solid;\">Deschamps</a>&nbsp;cho hậu vệ cánh 31 tuổi của Marseille, Jonathan Clauss vào thế chỗ Theo Hernandez. Phút 70, sau đường chuyền của Mbappe, chính Clauss sút chân phải ngoài vòng cấm nhân đôi cách biệt.</p><p class=\"Normal\" style=\"margin-right: 0px; margin-bottom: 1em; margin-left: 0px; padding: 0px; text-rendering: optimizespeed; line-height: 28.8px; color: rgb(16, 16, 16); font-family: arial; font-size: 18px;\">Deschamps cũng có một thay người hiệu quả khác khi cho tiền đạo trẻ Bradley Barcola vào thay Thuram ở phút 81. Bốn phút sau đó, Barcola kiến tạo cho Mbappe sút chân phải ấn định chiến thắng 3-0.</p><p class=\"Normal\" style=\"margin-right: 0px; margin-bottom: 1em; margin-left: 0px; padding: 0px; text-rendering: optimizespeed; line-height: 28.8px; color: rgb(16, 16, 16); font-family: arial; font-size: 18px;\"><a href=\"https://vnexpress.net/chu-de/kylian-mbappe-287\" rel=\"dofollow\" data-itm-source=\"#vn_source=Detail-TheThao_Euro2024_TinTuc-4754871&amp;vn_campaign=Box-InternalLink&amp;vn_medium=Link-Mbappe&amp;vn_term=Desktop&amp;vn_thumb=0\" data-itm-added=\"1\" style=\"margin: 0px; padding: 0px 0px 1px; text-rendering: optimizelegibility; color: rgb(7, 109, 182); position: relative; text-underline-position: under; border-bottom-width: 1px; border-bottom-style: solid;\">Mbappe</a>&nbsp;có bàn thứ 47 cho Pháp sau 77 trận. Tân binh của Real Madid chỉ còn kém Olivier Giroud 10 bàn và Thierry Henry bốn bàn trong danh sách lập công cho đội tuyển.</p><p class=\"Normal\" style=\"margin-right: 0px; margin-bottom: 1em; margin-left: 0px; padding: 0px; text-rendering: optimizespeed; line-height: 28.8px; color: rgb(16, 16, 16); font-family: arial; font-size: 18px;\">Ngày 9/6, Pháp sẽ đá giao hữu tiếp Canada. Sau đó, họ sẽ sang Đức đá ba trận bảng D&nbsp;<a href=\"https://vnexpress.net/chu-de/euro-2024-6154\" rel=\"dofollow\" data-itm-source=\"#vn_source=Detail-TheThao_Euro2024_TinTuc-4754871&amp;vn_campaign=Box-InternalLink&amp;vn_medium=Link-Euro2024&amp;vn_term=Desktop&amp;vn_thumb=0\" data-itm-added=\"1\" style=\"margin: 0px; padding: 0px 0px 1px; text-rendering: optimizelegibility; color: rgb(7, 109, 182); position: relative; text-underline-position: under; border-bottom-width: 1px; border-bottom-style: solid;\">Euro 2024</a>&nbsp;với Áo ngày 17/6, Hà Lan 21/6 và Ba Lan 25/6.</p><p class=\"Normal\" style=\"margin-right: 0px; margin-bottom: 1em; margin-left: 0px; padding: 0px; text-rendering: optimizespeed; line-height: 28.8px; color: rgb(16, 16, 16); font-family: arial; font-size: 18px;\"><strong style=\"margin: 0px; padding: 0px; text-rendering: optimizelegibility;\">Đội hình thi đấu của tuyển Pháp</strong>:</p><p class=\"Normal\" style=\"margin-right: 0px; margin-bottom: 1em; margin-left: 0px; padding: 0px; text-rendering: optimizespeed; line-height: 28.8px; color: rgb(16, 16, 16); font-family: arial; font-size: 18px;\">Maignan - Koundé (Pavard 64\'), Upamecano (Saliba 46), Konaté, T. Hernandez (Clauss 46) - Fofana (Camavinga 89\'), Kanté (Zaire-Emery 64), Griezmann (Giroud 80) - Kolo Muani, Thuram (Barcola 80), Mbappé.</p><p class=\"Normal\" style=\"margin-right: 0px; margin-bottom: 1em; margin-left: 0px; padding: 0px; text-rendering: optimizespeed; line-height: 28.8px; color: rgb(16, 16, 16); font-family: arial; font-size: 18px;\"><em style=\"margin: 0px; padding: 0px; text-rendering: optimizelegibility;\">Dự bị không sử dụng:</em>&nbsp;Aréola, Samba, F. Mendy, Tchouaméni, Coman, Dembélé.</p>\r\n\r\n ', 'uploads/users/66610af51434c1717635829skysports-kylian-mbappehihi.jpg', '2024-06-06 01:03:49', '2024-06-06 01:08:15', 28, 23, 1, 3, 1);
INSERT INTO `posts` (`id`, `title`, `description`, `content`, `image`, `date`, `dateChange`, `views`, `idAuthor`, `idCategory`, `idType`, `status`) VALUES
(14, 'Bồ Đào Nha thua Croatia khi Ronaldo dự bị', 'BỒ ĐÀO NHA - Cristiano Ronaldo dự bị không vào sân, khi Bồ Đào Nha thua đội khách Croatia 1-2 trong trận giao hữu trước Euro 2024.', '<p class=\"Normal\" style=\"margin-right: 0px; margin-bottom: 1em; margin-left: 0px; padding: 0px; text-rendering: optimizespeed; line-height: 28.8px; color: rgb(16, 16, 16); font-family: arial; font-size: 18px;\"><em style=\"margin: 0px; padding: 0px; text-rendering: optimizelegibility;\">*Ghi bàn: Jota 48 - Modric pen 8, Budimir 56</em></p><p class=\"Normal\" style=\"margin-right: 0px; margin-bottom: 1em; margin-left: 0px; padding: 0px; text-rendering: optimizespeed; line-height: 28.8px; color: rgb(16, 16, 16); font-family: arial; font-size: 18px;\">Lão tướng 41 tuổi Pepe và Ronaldo có tên trong danh sách dự bị, nhưng không khởi động lúc nào trong trận đấu. Họ nhiều khả năng được giữ sức cho trận giao hữu cuối với đối thủ dễ chơi hơn là Ireland sau đây ba ngày. Bởi những gì Croatia thể hiện cho thấy Luka Modric và đồng đội vẫn trên cơ nhà vô địch năm 2016.</p><figure data-size=\"true\" itemprop=\"associatedMedia image\" itemscope=\"\" itemtype=\"http://schema.org/ImageObject\" class=\"tplCaption action_thumb_added\" style=\"margin-right: auto; margin-bottom: 15px; margin-left: auto; padding: 0px; text-rendering: optimizelegibility; max-width: 100%; clear: both; position: relative; text-align: center; width: 680px; float: left; color: rgb(16, 16, 16); font-family: arial; font-size: 18px;\"><div class=\"fig-picture\" style=\"margin: 0px; padding: 0px 0px 453.328px; text-rendering: optimizelegibility; width: 680px; float: left; display: table; -webkit-box-pack: center; justify-content: center; background: rgb(240, 238, 234); position: relative;\"><picture style=\"margin: 0px; padding: 0px; text-rendering: optimizelegibility;\"><source data-srcset=\"https://i1-thethao.vnecdn.net/2024/06/09/bo-da-o-nha-croatia-jpeg-8365-1717871624.jpg?w=680&amp;h=0&amp;q=100&amp;dpr=1&amp;fit=crop&amp;s=k3XM_PrRWisMR8JfwByg4w 1x, https://i1-thethao.vnecdn.net/2024/06/09/bo-da-o-nha-croatia-jpeg-8365-1717871624.jpg?w=1020&amp;h=0&amp;q=100&amp;dpr=1&amp;fit=crop&amp;s=p-g9zKf5zeG2M1EB_6y6jw 1.5x, https://i1-thethao.vnecdn.net/2024/06/09/bo-da-o-nha-croatia-jpeg-8365-1717871624.jpg?w=680&amp;h=0&amp;q=100&amp;dpr=2&amp;fit=crop&amp;s=JLjzH6fCkE0QwSNcBUGUUA 2x\" srcset=\"https://i1-thethao.vnecdn.net/2024/06/09/bo-da-o-nha-croatia-jpeg-8365-1717871624.jpg?w=680&amp;h=0&amp;q=100&amp;dpr=1&amp;fit=crop&amp;s=k3XM_PrRWisMR8JfwByg4w 1x, https://i1-thethao.vnecdn.net/2024/06/09/bo-da-o-nha-croatia-jpeg-8365-1717871624.jpg?w=1020&amp;h=0&amp;q=100&amp;dpr=1&amp;fit=crop&amp;s=p-g9zKf5zeG2M1EB_6y6jw 1.5x, https://i1-thethao.vnecdn.net/2024/06/09/bo-da-o-nha-croatia-jpeg-8365-1717871624.jpg?w=680&amp;h=0&amp;q=100&amp;dpr=2&amp;fit=crop&amp;s=JLjzH6fCkE0QwSNcBUGUUA 2x\" style=\"margin: 0px; padding: 0px; text-rendering: optimizelegibility;\"><img itemprop=\"contentUrl\" loading=\"lazy\" intrinsicsize=\"680x0\" alt=\"Luka Modric (thứ hai từ trái sang) mừng bàn mở tỷ số. Ảnh: Abola\" class=\"lazy lazied\" src=\"https://i1-thethao.vnecdn.net/2024/06/09/bo-da-o-nha-croatia-jpeg-8365-1717871624.jpg?w=680&amp;h=0&amp;q=100&amp;dpr=1&amp;fit=crop&amp;s=k3XM_PrRWisMR8JfwByg4w\" data-src=\"https://i1-thethao.vnecdn.net/2024/06/09/bo-da-o-nha-croatia-jpeg-8365-1717871624.jpg?w=680&amp;h=0&amp;q=100&amp;dpr=1&amp;fit=crop&amp;s=k3XM_PrRWisMR8JfwByg4w\" data-ll-status=\"loaded\" style=\"margin: 0px; padding: 0px; text-rendering: optimizelegibility; border: 0px; font-size: 0px; line-height: 0; max-width: 100%; position: absolute; top: 0px; left: 0px; max-height: 700px; width: 680px;\"></picture></div><figcaption itemprop=\"description\" style=\"margin: 0px; padding: 0px; text-rendering: optimizelegibility; width: 680px; float: left; text-align: left;\"><p class=\"Image\" style=\"margin-right: 0px; margin-bottom: 0px; margin-left: 0px; padding: 10px 0px 0px; text-rendering: optimizespeed; font-variant-numeric: normal; font-variant-east-asian: normal; font-variant-alternates: normal; font-kerning: auto; font-optical-sizing: auto; font-feature-settings: normal; font-variation-settings: normal; font-variant-position: normal; font-stretch: normal; font-size: 14px; line-height: 22.4px; color: rgb(34, 34, 34);\">Luka Modric (thứ hai từ trái sang) mừng bàn mở tỷ số trên sân Jamor, thị trấn Oeiras, thành phố Lisbon, Bồ Đào Nha ngày 8/6/2024. Ảnh:&nbsp;<em style=\"margin: 0px; padding: 0px; text-rendering: optimizelegibility;\">Abola</em></p></figcaption></figure><p class=\"Normal\" style=\"margin-right: 0px; margin-bottom: 1em; margin-left: 0px; padding: 0px; text-rendering: optimizespeed; line-height: 28.8px; color: rgb(16, 16, 16); font-family: arial; font-size: 18px;\"><br></p><p class=\"Normal\" style=\"margin-right: 0px; margin-bottom: 1em; margin-left: 0px; padding: 0px; text-rendering: optimizespeed; line-height: 28.8px; color: rgb(16, 16, 16); font-family: arial; font-size: 18px;\"><br></p><p class=\"Normal\" style=\"margin-right: 0px; margin-bottom: 1em; margin-left: 0px; padding: 0px; text-rendering: optimizespeed; line-height: 28.8px; color: rgb(16, 16, 16); font-family: arial; font-size: 18px;\"><br></p><p class=\"Normal\" style=\"margin-right: 0px; margin-bottom: 1em; margin-left: 0px; padding: 0px; text-rendering: optimizespeed; line-height: 28.8px; color: rgb(16, 16, 16); font-family: arial; font-size: 18px;\"><br></p><p class=\"Normal\" style=\"margin-right: 0px; margin-bottom: 1em; margin-left: 0px; padding: 0px; text-rendering: optimizespeed; line-height: 28.8px; color: rgb(16, 16, 16); font-family: arial; font-size: 18px;\"><br></p><p class=\"Normal\" style=\"margin-right: 0px; margin-bottom: 1em; margin-left: 0px; padding: 0px; text-rendering: optimizespeed; line-height: 28.8px; color: rgb(16, 16, 16); font-family: arial; font-size: 18px;\"><br></p><p class=\"Normal\" style=\"margin-right: 0px; margin-bottom: 1em; margin-left: 0px; padding: 0px; text-rendering: optimizespeed; line-height: 28.8px; color: rgb(16, 16, 16); font-family: arial; font-size: 18px;\"><br></p><p class=\"Normal\" style=\"margin-right: 0px; margin-bottom: 1em; margin-left: 0px; padding: 0px; text-rendering: optimizespeed; line-height: 28.8px; color: rgb(16, 16, 16); font-family: arial; font-size: 18px;\"><br></p><p class=\"Normal\" style=\"margin-right: 0px; margin-bottom: 1em; margin-left: 0px; padding: 0px; text-rendering: optimizespeed; line-height: 28.8px; color: rgb(16, 16, 16); font-family: arial; font-size: 18px;\"><br></p><p class=\"Normal\" style=\"margin-right: 0px; margin-bottom: 1em; margin-left: 0px; padding: 0px; text-rendering: optimizespeed; line-height: 28.8px; color: rgb(16, 16, 16); font-family: arial; font-size: 18px;\"><br></p><p class=\"Normal\" style=\"margin-right: 0px; margin-bottom: 1em; margin-left: 0px; padding: 0px; text-rendering: optimizespeed; line-height: 28.8px; color: rgb(16, 16, 16); font-family: arial; font-size: 18px;\"><br></p><p class=\"Normal\" style=\"margin-right: 0px; margin-bottom: 1em; margin-left: 0px; padding: 0px; text-rendering: optimizespeed; line-height: 28.8px; color: rgb(16, 16, 16); font-family: arial; font-size: 18px;\"><br></p><p class=\"Normal\" style=\"margin-right: 0px; margin-bottom: 1em; margin-left: 0px; padding: 0px; text-rendering: optimizespeed; line-height: 28.8px; color: rgb(16, 16, 16); font-family: arial; font-size: 18px;\">Đội khách mở tỷ số ngay phút thứ tám với cú sút phạt đền của Modric về góc thấp bên trái, dù thủ thành Diogo Costa đổ người đúng hướng. Đoàn quân của Zlatko Dalic còn bỏ lỡ hai cơ hội tốt liên tiếp cuối hiệp một, khi tiền đạo Andrej Kramaric sút trúng chân thủ môn trong cấm địa, còn Ante Budimir đánh đầu nối chệch cột từ cự ly chưa đến 6 m.</p><p class=\"Normal\" style=\"margin-right: 0px; margin-bottom: 1em; margin-left: 0px; padding: 0px; text-rendering: optimizespeed; line-height: 28.8px; color: rgb(16, 16, 16); font-family: arial; font-size: 18px;\">Sau hiệp một chủ nhà khan hiếm cơ hội, HLV Roberto Martinez thay bốn cầu thủ, trong đó Nelson Semedo thế chỗ Diogo Dalot, còn Goncalo Ramos nhường chỗ cho Diogo Jota. Quyết định của Martinez phát huy ngay tác dụng, khi Semedo leo biên phải và nhận đường chuyền từ đội trưởng Bernardo Silva, rồi căng ngang dọn cỗ cho Jota đệm vào lưới trống gỡ hòa.</p><p class=\"Normal\" style=\"margin-right: 0px; margin-bottom: 1em; margin-left: 0px; padding: 0px; text-rendering: optimizespeed; line-height: 28.8px; color: rgb(16, 16, 16); font-family: arial; font-size: 18px;\">Tuy nhiên, cũng chỉ tám phút sau, Bồ Đào Nha lại thủng lưới. Lần này tiền vệ Mario Pasalic sút từ rìa cấm địa khiến Costa vất vả đẩy bóng trúng xà ngang bật ra. Budimir trong thế không việt vị, lao xuống đánh đầu lái bóng về góc xa ấn định thắng lợi 2-1 cho Croatia.</p><figure data-size=\"true\" itemprop=\"associatedMedia image\" itemscope=\"\" itemtype=\"http://schema.org/ImageObject\" class=\"tplCaption action_thumb_added\" style=\"margin-right: auto; margin-bottom: 15px; margin-left: auto; padding: 0px; text-rendering: optimizelegibility; max-width: 100%; clear: both; position: relative; text-align: center; width: 680px; float: left; color: rgb(16, 16, 16); font-family: arial; font-size: 18px;\"><div class=\"fig-picture\" style=\"margin: 0px; padding: 0px 0px 371.453px; text-rendering: optimizelegibility; width: 680px; float: left; display: table; -webkit-box-pack: center; justify-content: center; background: rgb(240, 238, 234); position: relative;\"><picture style=\"margin: 0px; padding: 0px; text-rendering: optimizelegibility;\"><source data-srcset=\"https://i1-thethao.vnecdn.net/2024/06/09/ronaldo-jpeg-8153-1717873428.jpg?w=680&amp;h=0&amp;q=100&amp;dpr=1&amp;fit=crop&amp;s=vPHaFj51-bQxA52cCZbVRg 1x, https://i1-thethao.vnecdn.net/2024/06/09/ronaldo-jpeg-8153-1717873428.jpg?w=1020&amp;h=0&amp;q=100&amp;dpr=1&amp;fit=crop&amp;s=5do6s6iyhQai2f1Menuwtg 1.5x, https://i1-thethao.vnecdn.net/2024/06/09/ronaldo-jpeg-8153-1717873428.jpg?w=680&amp;h=0&amp;q=100&amp;dpr=2&amp;fit=crop&amp;s=gnzKmA_mcbHwrDOcmF54tQ 2x\" srcset=\"https://i1-thethao.vnecdn.net/2024/06/09/ronaldo-jpeg-8153-1717873428.jpg?w=680&amp;h=0&amp;q=100&amp;dpr=1&amp;fit=crop&amp;s=vPHaFj51-bQxA52cCZbVRg 1x, https://i1-thethao.vnecdn.net/2024/06/09/ronaldo-jpeg-8153-1717873428.jpg?w=1020&amp;h=0&amp;q=100&amp;dpr=1&amp;fit=crop&amp;s=5do6s6iyhQai2f1Menuwtg 1.5x, https://i1-thethao.vnecdn.net/2024/06/09/ronaldo-jpeg-8153-1717873428.jpg?w=680&amp;h=0&amp;q=100&amp;dpr=2&amp;fit=crop&amp;s=gnzKmA_mcbHwrDOcmF54tQ 2x\" style=\"margin: 0px; padding: 0px; text-rendering: optimizelegibility;\"><img itemprop=\"contentUrl\" loading=\"lazy\" intrinsicsize=\"680x0\" alt=\"Ronaldo (giữa) ngồi dự bị suốt trận. Ảnh: Reuters\" class=\"lazy lazied\" src=\"https://i1-thethao.vnecdn.net/2024/06/09/ronaldo-jpeg-8153-1717873428.jpg?w=680&amp;h=0&amp;q=100&amp;dpr=1&amp;fit=crop&amp;s=vPHaFj51-bQxA52cCZbVRg\" data-src=\"https://i1-thethao.vnecdn.net/2024/06/09/ronaldo-jpeg-8153-1717873428.jpg?w=680&amp;h=0&amp;q=100&amp;dpr=1&amp;fit=crop&amp;s=vPHaFj51-bQxA52cCZbVRg\" data-ll-status=\"loaded\" style=\"margin: 0px; padding: 0px; text-rendering: optimizelegibility; border: 0px; font-size: 0px; line-height: 0; max-width: 100%; position: absolute; top: 0px; left: 10px; max-height: 700px; width: 650px;\"></picture></div><figcaption itemprop=\"description\" style=\"margin: 0px; padding: 0px; text-rendering: optimizelegibility; width: 680px; float: left; text-align: left;\"><p class=\"Image\" style=\"margin-right: 0px; margin-bottom: 0px; margin-left: 0px; padding: 10px 0px 0px; text-rendering: optimizespeed; font-variant-numeric: normal; font-variant-east-asian: normal; font-variant-alternates: normal; font-kerning: auto; font-optical-sizing: auto; font-feature-settings: normal; font-variation-settings: normal; font-variant-position: normal; font-stretch: normal; font-size: 14px; line-height: 22.4px; color: rgb(34, 34, 34);\">Ronaldo (giữa) ngồi dự bị suốt trận. Ảnh:&nbsp;<em style=\"margin: 0px; padding: 0px; text-rendering: optimizelegibility;\">Reuters</em></p></figcaption></figure><p class=\"Normal\" style=\"margin-right: 0px; margin-bottom: 1em; margin-left: 0px; padding: 0px; text-rendering: optimizespeed; line-height: 28.8px; color: rgb(16, 16, 16); font-family: arial; font-size: 18px;\"><br></p><p class=\"Normal\" style=\"margin-right: 0px; margin-bottom: 1em; margin-left: 0px; padding: 0px; text-rendering: optimizespeed; line-height: 28.8px; color: rgb(16, 16, 16); font-family: arial; font-size: 18px;\"><br></p><p class=\"Normal\" style=\"margin-right: 0px; margin-bottom: 1em; margin-left: 0px; padding: 0px; text-rendering: optimizespeed; line-height: 28.8px; color: rgb(16, 16, 16); font-family: arial; font-size: 18px;\"><br></p><p class=\"Normal\" style=\"margin-right: 0px; margin-bottom: 1em; margin-left: 0px; padding: 0px; text-rendering: optimizespeed; line-height: 28.8px; color: rgb(16, 16, 16); font-family: arial; font-size: 18px;\"><br></p><p class=\"Normal\" style=\"margin-right: 0px; margin-bottom: 1em; margin-left: 0px; padding: 0px; text-rendering: optimizespeed; line-height: 28.8px; color: rgb(16, 16, 16); font-family: arial; font-size: 18px;\"><br></p><p class=\"Normal\" style=\"margin-right: 0px; margin-bottom: 1em; margin-left: 0px; padding: 0px; text-rendering: optimizespeed; line-height: 28.8px; color: rgb(16, 16, 16); font-family: arial; font-size: 18px;\"><br></p><p class=\"Normal\" style=\"margin-right: 0px; margin-bottom: 1em; margin-left: 0px; padding: 0px; text-rendering: optimizespeed; line-height: 28.8px; color: rgb(16, 16, 16); font-family: arial; font-size: 18px;\"><br></p><p class=\"Normal\" style=\"margin-right: 0px; margin-bottom: 1em; margin-left: 0px; padding: 0px; text-rendering: optimizespeed; line-height: 28.8px; color: rgb(16, 16, 16); font-family: arial; font-size: 18px;\"><br></p><p class=\"Normal\" style=\"margin-right: 0px; margin-bottom: 1em; margin-left: 0px; padding: 0px; text-rendering: optimizespeed; line-height: 28.8px; color: rgb(16, 16, 16); font-family: arial; font-size: 18px;\"><br></p><p class=\"Normal\" style=\"margin-right: 0px; margin-bottom: 1em; margin-left: 0px; padding: 0px; text-rendering: optimizespeed; line-height: 28.8px; color: rgb(16, 16, 16); font-family: arial; font-size: 18px;\">Đội khách còn bỏ lỡ cơ hội tốt để tăng cách biệt, khi Luka Sucic thoát xuống đối mặt thủ môn từ đường chọc khe của Bruno Petkovic. Tuy nhiên, cú sút của Sucic bị Costa bắt bài, dùng chân đẩy ra.</p><p class=\"Normal\" style=\"margin-right: 0px; margin-bottom: 1em; margin-left: 0px; padding: 0px; text-rendering: optimizespeed; line-height: 28.8px; color: rgb(16, 16, 16); font-family: arial; font-size: 18px;\">Đội hình với dàn hào thủ như Bruno Fernandes, Silva, Joao Felix hay Rafael Leao không thể lật ngược tình thế, khiến Bồ Đào Nha chấp nhận thất bại đầu tiên trong lịch sử trước Croatia, sau tám cuộc đối đầu. Dù vậy, trận giao hữu có thể chưa đủ đánh giá thực lực hai đội tại Euro 2024.</p><p class=\"Normal\" style=\"margin-right: 0px; margin-bottom: 1em; margin-left: 0px; padding: 0px; text-rendering: optimizespeed; line-height: 28.8px; color: rgb(16, 16, 16); font-family: arial; font-size: 18px;\">Croatia ở bảng B Euro, cùng Tây Ban Nha, Italy và Albania, bắt đầu thi đấu ngày 15/6 gặp Tây Ban Nha. Trong khi, Bồ Đào Nha ở bảng F, xuất quân muộn nhất gặp Czech ngày 18/6, sau đó lần lượt đá với Thổ Nhĩ Kì và Georgia.</p>\r\n\r\n ', 'uploads/users/6664e953a05e61717889363bo-dao-nha.jpg', '2024-06-08 23:29:23', '2024-06-08 23:29:23', 0, 23, 1, 3, 1),
(15, 'Martinez: \'Copa America không phải giải cuối của Messi\'', 'Trung vệ Lisandro Martinez ám chỉ thủ quân Lionel Messi vẫn sẽ dự World Cup 2026 cùng Argentina ở tuổi 39.', '<p class=\"Normal\" style=\"margin-right: 0px; margin-bottom: 1em; margin-left: 0px; padding: 0px; text-rendering: optimizespeed; line-height: 28.8px; color: rgb(34, 34, 34); font-family: arial; font-size: 18px; background-color: rgb(252, 250, 246);\">Messi từng nói rằng anh có thể không dự World Cup 2026, nhưng HLV Lionel Scaloni và trung vệ Martinez không nghĩ như vậy. \"Tôi không nghĩ Copa America năm nay là giải đấu cuối cùng của Messi với Argentina\", trung vệ Man Utd nói. \"Anh ấy đang rất hạnh phúc, thích thú với từng buổi tập. Khi Messi vui, toàn đội cũng mừng theo\".</p><figure data-size=\"true\" itemprop=\"associatedMedia image\" itemscope=\"\" itemtype=\"http://schema.org/ImageObject\" class=\"tplCaption action_thumb_added\" style=\"margin-right: auto; margin-bottom: 15px; margin-left: auto; padding: 0px; text-rendering: optimizelegibility; max-width: 100%; clear: both; position: relative; text-align: center; width: 680px; float: left; color: rgb(34, 34, 34); font-family: arial; font-size: 18px; background-color: rgb(252, 250, 246);\"><div class=\"fig-picture\" style=\"margin: 0px; padding: 0px 0px 408px; text-rendering: optimizelegibility; width: 680px; float: left; display: table; -webkit-box-pack: center; justify-content: center; background: rgb(240, 238, 234); position: relative;\"><picture data-inimage=\"done\" style=\"margin: 0px; padding: 0px; text-rendering: optimizelegibility;\"><source data-srcset=\"https://i1-thethao.vnecdn.net/2024/06/07/messi-jpeg-1717758746-2519-1717758782.jpg?w=680&amp;h=0&amp;q=100&amp;dpr=1&amp;fit=crop&amp;s=XESRuK9H13EHi1CjQFHdVg 1x, https://i1-thethao.vnecdn.net/2024/06/07/messi-jpeg-1717758746-2519-1717758782.jpg?w=1020&amp;h=0&amp;q=100&amp;dpr=1&amp;fit=crop&amp;s=3hPIuikkGW5jaRC_e_o0CA 1.5x, https://i1-thethao.vnecdn.net/2024/06/07/messi-jpeg-1717758746-2519-1717758782.jpg?w=680&amp;h=0&amp;q=100&amp;dpr=2&amp;fit=crop&amp;s=hvo-HuwobrslyJ1u7T0H6A 2x\" srcset=\"https://i1-thethao.vnecdn.net/2024/06/07/messi-jpeg-1717758746-2519-1717758782.jpg?w=680&amp;h=0&amp;q=100&amp;dpr=1&amp;fit=crop&amp;s=XESRuK9H13EHi1CjQFHdVg 1x, https://i1-thethao.vnecdn.net/2024/06/07/messi-jpeg-1717758746-2519-1717758782.jpg?w=1020&amp;h=0&amp;q=100&amp;dpr=1&amp;fit=crop&amp;s=3hPIuikkGW5jaRC_e_o0CA 1.5x, https://i1-thethao.vnecdn.net/2024/06/07/messi-jpeg-1717758746-2519-1717758782.jpg?w=680&amp;h=0&amp;q=100&amp;dpr=2&amp;fit=crop&amp;s=hvo-HuwobrslyJ1u7T0H6A 2x\" style=\"margin: 0px; padding: 0px; text-rendering: optimizelegibility;\"><img itemprop=\"contentUrl\" loading=\"lazy\" intrinsicsize=\"680x0\" alt=\"Lionel Messi trong buổi tập cùng Argentina tại Florida, Mỹ tháng 6/2024. Ảnh: Lapresse\" class=\"lazy lazied\" src=\"https://i1-thethao.vnecdn.net/2024/06/07/messi-jpeg-1717758746-2519-1717758782.jpg?w=680&amp;h=0&amp;q=100&amp;dpr=1&amp;fit=crop&amp;s=XESRuK9H13EHi1CjQFHdVg\" data-src=\"https://i1-thethao.vnecdn.net/2024/06/07/messi-jpeg-1717758746-2519-1717758782.jpg?w=680&amp;h=0&amp;q=100&amp;dpr=1&amp;fit=crop&amp;s=XESRuK9H13EHi1CjQFHdVg\" data-ll-status=\"loaded\" data-adbro-processed=\"true\" style=\"margin: 0px; padding: 0px; text-rendering: optimizelegibility; border: 0px; font-size: 0px; line-height: 0; max-width: 100%; position: absolute; top: 0px; left: 0px; max-height: 700px; width: 680px;\"><div class=\"embed-container-ads\" style=\"margin-top: 0px; margin-right: 0px; margin-left: 0px; padding-top: 0px; padding-right: 0px; padding-left: 0px; text-rendering: optimizelegibility; width: 680px; background: transparent; overflow: hidden; float: left; height: 100px; position: absolute; bottom: -1px; margin-bottom: 0px !important; padding-bottom: 0px !important;\"><div id=\"sis_inimage\" data-google-query-id=\"CIzJ2qGVzYYDFYJTwgUdDiAKZg\" style=\"margin: 0px; padding: 0px; text-rendering: optimizelegibility; position: relative; width: 680px; height: 100px;\"><div id=\"google_ads_iframe_/27973503/Vnexpress/Desktop/Inimage/Thethao/Thethao.bongda.detail_0__container__\" style=\"margin: 0px; padding: 0px; text-rendering: optimizelegibility; border: 0pt none;\"><iframe id=\"google_ads_iframe_/27973503/Vnexpress/Desktop/Inimage/Thethao/Thethao.bongda.detail_0\" name=\"google_ads_iframe_/27973503/Vnexpress/Desktop/Inimage/Thethao/Thethao.bongda.detail_0\" title=\"3rd party ad content\" width=\"1\" height=\"1\" scrolling=\"no\" marginwidth=\"0\" marginheight=\"0\" frameborder=\"0\" aria-label=\"Advertisement\" tabindex=\"0\" allow=\"attribution-reporting\" data-google-container-id=\"4\" data-load-complete=\"true\" style=\"margin: 0px; padding: 0px; text-rendering: optimizelegibility; border-width: 0px; border-style: initial; vertical-align: bottom;\"></iframe></div></div></div></picture></div><figcaption itemprop=\"description\" style=\"margin: 0px; padding: 0px; text-rendering: optimizelegibility; width: 680px; float: left; text-align: left;\"><p class=\"Image\" style=\"margin-right: 0px; margin-bottom: 0px; margin-left: 0px; padding: 10px 0px 0px; text-rendering: optimizespeed; font-variant-numeric: normal; font-variant-east-asian: normal; font-variant-alternates: normal; font-kerning: auto; font-optical-sizing: auto; font-feature-settings: normal; font-variation-settings: normal; font-variant-position: normal; font-stretch: normal; font-size: 14px; line-height: 22.4px;\">Lionel Messi trong buổi tập cùng Argentina tại Florida, Mỹ tháng 6/2024. Ảnh:&nbsp;<em style=\"margin: 0px; padding: 0px; text-rendering: optimizelegibility;\">Lapresse</em></p></figcaption></figure><p class=\"Normal\" style=\"margin-right: 0px; margin-bottom: 1em; margin-left: 0px; padding: 0px; text-rendering: optimizespeed; line-height: 28.8px; color: rgb(34, 34, 34); font-family: arial; font-size: 18px; background-color: rgb(252, 250, 246);\"><br></p><p class=\"Normal\" style=\"margin-right: 0px; margin-bottom: 1em; margin-left: 0px; padding: 0px; text-rendering: optimizespeed; line-height: 28.8px; color: rgb(34, 34, 34); font-family: arial; font-size: 18px; background-color: rgb(252, 250, 246);\"><br></p><p class=\"Normal\" style=\"margin-right: 0px; margin-bottom: 1em; margin-left: 0px; padding: 0px; text-rendering: optimizespeed; line-height: 28.8px; color: rgb(34, 34, 34); font-family: arial; font-size: 18px; background-color: rgb(252, 250, 246);\"><br></p><p class=\"Normal\" style=\"margin-right: 0px; margin-bottom: 1em; margin-left: 0px; padding: 0px; text-rendering: optimizespeed; line-height: 28.8px; color: rgb(34, 34, 34); font-family: arial; font-size: 18px; background-color: rgb(252, 250, 246);\"><br></p><p class=\"Normal\" style=\"margin-right: 0px; margin-bottom: 1em; margin-left: 0px; padding: 0px; text-rendering: optimizespeed; line-height: 28.8px; color: rgb(34, 34, 34); font-family: arial; font-size: 18px; background-color: rgb(252, 250, 246);\"><br></p><p class=\"Normal\" style=\"margin-right: 0px; margin-bottom: 1em; margin-left: 0px; padding: 0px; text-rendering: optimizespeed; line-height: 28.8px; color: rgb(34, 34, 34); font-family: arial; font-size: 18px; background-color: rgb(252, 250, 246);\"><br></p><p class=\"Normal\" style=\"margin-right: 0px; margin-bottom: 1em; margin-left: 0px; padding: 0px; text-rendering: optimizespeed; line-height: 28.8px; color: rgb(34, 34, 34); font-family: arial; font-size: 18px; background-color: rgb(252, 250, 246);\"><br></p><p class=\"Normal\" style=\"margin-right: 0px; margin-bottom: 1em; margin-left: 0px; padding: 0px; text-rendering: optimizespeed; line-height: 28.8px; color: rgb(34, 34, 34); font-family: arial; font-size: 18px; background-color: rgb(252, 250, 246);\"><br></p><p class=\"Normal\" style=\"margin-right: 0px; margin-bottom: 1em; margin-left: 0px; padding: 0px; text-rendering: optimizespeed; line-height: 28.8px; color: rgb(34, 34, 34); font-family: arial; font-size: 18px; background-color: rgb(252, 250, 246);\"><br></p><p class=\"Normal\" style=\"margin-right: 0px; margin-bottom: 1em; margin-left: 0px; padding: 0px; text-rendering: optimizespeed; line-height: 28.8px; color: rgb(34, 34, 34); font-family: arial; font-size: 18px; background-color: rgb(252, 250, 246);\"><br></p><p class=\"Normal\" style=\"margin-right: 0px; margin-bottom: 1em; margin-left: 0px; padding: 0px; text-rendering: optimizespeed; line-height: 28.8px; color: rgb(34, 34, 34); font-family: arial; font-size: 18px; background-color: rgb(252, 250, 246);\">Thầy trò Scaloni đang tập luyện, chuẩn bị bảo vệ Copa America 2024 tại Mỹ. Theo HLV 46 tuổi, người Argentina không cần bận tâm chuyện Messi sẽ từ giã đội tuyển sau giải tới. \"Người Argentina quá u sầu, luôn nghĩ đến việc Messi sẽ giải nghệ dù cậu ấy vẫn đang thi đấu\", ông nói trên&nbsp;<em style=\"margin: 0px; padding: 0px; text-rendering: optimizelegibility;\">Telemundo</em>. \"Hãy tận hưởng từng khoảnh khắc tiếp theo của Messi. Hy vọng mọi người cũng sẽ cổ vũ cho toàn đội Argentina, không riêng cậu ấy\".</p><p class=\"Normal\" style=\"margin-right: 0px; margin-bottom: 1em; margin-left: 0px; padding: 0px; text-rendering: optimizespeed; line-height: 28.8px; color: rgb(34, 34, 34); font-family: arial; font-size: 18px; background-color: rgb(252, 250, 246);\">Người Argentina càng thêm yêu mến Messi, sau khi anh giúp đội vô địch Copa America 2021 và đặc biệt là World Cup 2022. Tại Copa America 2024 từ 20/6 đến 14/7, thầy trò Scaloni ở bảng A cùng Peru, Chile và Canada. Mỗi bảng sẽ chọn ra hai đội vào tứ kết, và Argentina sẽ tránh được Brazil hay Uruguay, trước khi vào chung kết.</p><p class=\"Normal\" style=\"margin-right: 0px; margin-bottom: 1em; margin-left: 0px; padding: 0px; text-rendering: optimizespeed; line-height: 28.8px; color: rgb(34, 34, 34); font-family: arial; font-size: 18px; background-color: rgb(252, 250, 246);\">\"Copa America quan trọng, vì mọi đối thủ đều muốn đánh bại chúng tôi\", Martinez nói thêm. \"Argentina sẽ không coi đối thủ nào là ứng viên vô địch hay ngựa ô, mà chúng tôi sẽ nghĩ mọi trận đấu đều là chung kết. Hơn nữa, chúng tôi có điểm cộng là sở hữu Messi, vì anh là cầu thủ hay nhất thế giới. Chúng tôi đều hạnh phúc khi tập luyện cùng anh mỗi ngày\".</p><p class=\"Normal\" style=\"margin-right: 0px; margin-bottom: 1em; margin-left: 0px; padding: 0px; text-rendering: optimizespeed; line-height: 28.8px; color: rgb(34, 34, 34); font-family: arial; font-size: 18px; background-color: rgb(252, 250, 246);\"><a href=\"https://vnexpress.net/chu-de/lionel-messi-300\" rel=\"dofollow\" data-itm-source=\"#vn_source=Detail-TheThao_BongDa_CacGiaiKhac-4755758&amp;vn_campaign=Box-InternalLink&amp;vn_medium=Link-Messi&amp;vn_term=Desktop&amp;vn_thumb=0\" data-itm-added=\"1\" style=\"margin: 0px; padding: 0px 0px 1px; text-rendering: optimizelegibility; color: rgb(7, 109, 182); position: relative; text-underline-position: under; border-bottom-width: 1px; border-bottom-style: solid;\">Messi</a>&nbsp;đã ghi 106 bàn trong 180 trận cho đội tuyển Argentina. Còn ở các cấp độ trẻ, anh cũng vô địch U20 thế giới 2005 và đoạt HC vàng Olympic 2008. Điều đặc biệt là ở giải U20 thế giới 2005 hay World Cup 2022, Messi đều ghi bàn ở cả bốn trận vòng knock-out.</p>', 'uploads/users/6664eab27932a1717889714New-Project-47-7211.jpg', '2024-06-09 23:35:14', '2024-06-09 23:35:14', 0, 23, 1, 3, 1),
(16, 'Vì sao Messi chưa từng xem lại video World Cup 2022?', 'Thủ quân Argentina, Lionel Messi nói rằng anh chưa từng xem lại các khoảnh khắc ở World Cup 2022, vì có đủ trải nghiệm về giải đấu và tránh căng thẳng.', '<p class=\"description\" style=\"margin-right: 0px; margin-bottom: 15px; margin-left: 0px; padding: 0px; text-rendering: optimizelegibility; font-size: 18px; line-height: 28.8px; color: rgb(34, 34, 34); font-family: arial; background-color: rgb(252, 250, 246);\">Thủ quân Argentina, Lionel Messi nói rằng anh chưa từng xem lại các khoảnh khắc ở World Cup 2022, vì có đủ trải nghiệm về giải đấu và tránh căng thẳng.</p><article class=\"fck_detail \" style=\"margin: 0px; padding: 0px; text-rendering: optimizelegibility; width: 680px; float: left; position: relative; font-variant-numeric: normal; font-variant-east-asian: normal; font-variant-alternates: normal; font-kerning: auto; font-optical-sizing: auto; font-feature-settings: normal; font-variation-settings: normal; font-variant-position: normal; font-stretch: normal; font-size: 18px; line-height: 28.8px; font-family: arial; color: rgb(34, 34, 34); background-color: rgb(252, 250, 246);\"><p class=\"Normal\" style=\"margin-right: 0px; margin-bottom: 1em; margin-left: 0px; padding: 0px; text-rendering: optimizespeed; line-height: 28.8px;\">\"Tôi nhớ hết những gì tôi cần nhớ về World Cup 2022\", báo Argentina&nbsp;<em style=\"margin: 0px; padding: 0px; text-rendering: optimizelegibility;\">Ole</em>&nbsp;dẫn lời Messi. \"Các khoảnh khắc đều được lưu giữ trong đầu tôi. Có thể tôi đã bỏ sót vài khoảnh khắc, nhưng tôi không cần xem lại chúng\".</p><figure data-size=\"true\" itemprop=\"associatedMedia image\" itemscope=\"\" itemtype=\"http://schema.org/ImageObject\" class=\"tplCaption action_thumb_added\" style=\"margin-right: auto; margin-bottom: 15px; margin-left: auto; padding: 0px; text-rendering: optimizelegibility; max-width: 100%; clear: both; position: relative; text-align: center; width: 680px; float: left;\"><div class=\"fig-picture\" style=\"margin: 0px; padding: 0px 0px 407.875px; text-rendering: optimizelegibility; width: 680px; float: left; display: table; -webkit-box-pack: center; justify-content: center; background: rgb(240, 238, 234); position: relative;\"><picture data-inimage=\"done\" style=\"margin: 0px; padding: 0px; text-rendering: optimizelegibility;\"><source data-srcset=\"https://i1-thethao.vnecdn.net/2024/06/08/messi-world-cup-2022-jpeg-1717-7990-7198-1717788805.jpg?w=680&amp;h=0&amp;q=100&amp;dpr=1&amp;fit=crop&amp;s=QKds_YecSCvy4bF0iH7KPw 1x, https://i1-thethao.vnecdn.net/2024/06/08/messi-world-cup-2022-jpeg-1717-7990-7198-1717788805.jpg?w=1020&amp;h=0&amp;q=100&amp;dpr=1&amp;fit=crop&amp;s=sD-qeQysy_D0btes9U1k2w 1.5x, https://i1-thethao.vnecdn.net/2024/06/08/messi-world-cup-2022-jpeg-1717-7990-7198-1717788805.jpg?w=680&amp;h=0&amp;q=100&amp;dpr=2&amp;fit=crop&amp;s=cKEBuIQF5q9lLMAx6M7jlA 2x\" srcset=\"https://i1-thethao.vnecdn.net/2024/06/08/messi-world-cup-2022-jpeg-1717-7990-7198-1717788805.jpg?w=680&amp;h=0&amp;q=100&amp;dpr=1&amp;fit=crop&amp;s=QKds_YecSCvy4bF0iH7KPw 1x, https://i1-thethao.vnecdn.net/2024/06/08/messi-world-cup-2022-jpeg-1717-7990-7198-1717788805.jpg?w=1020&amp;h=0&amp;q=100&amp;dpr=1&amp;fit=crop&amp;s=sD-qeQysy_D0btes9U1k2w 1.5x, https://i1-thethao.vnecdn.net/2024/06/08/messi-world-cup-2022-jpeg-1717-7990-7198-1717788805.jpg?w=680&amp;h=0&amp;q=100&amp;dpr=2&amp;fit=crop&amp;s=cKEBuIQF5q9lLMAx6M7jlA 2x\" style=\"margin: 0px; padding: 0px; text-rendering: optimizelegibility;\"><img itemprop=\"contentUrl\" loading=\"lazy\" intrinsicsize=\"680x0\" alt=\"Messi cầm Quả Bóng Vàng World Cup, hôn cup vàng thế giới ở Lusail, Qatar, tối 18/12/2022. Ảnh: Reuters\" class=\"lazy lazied\" src=\"https://i1-thethao.vnecdn.net/2024/06/08/messi-world-cup-2022-jpeg-1717-7990-7198-1717788805.jpg?w=680&amp;h=0&amp;q=100&amp;dpr=1&amp;fit=crop&amp;s=QKds_YecSCvy4bF0iH7KPw\" data-src=\"https://i1-thethao.vnecdn.net/2024/06/08/messi-world-cup-2022-jpeg-1717-7990-7198-1717788805.jpg?w=680&amp;h=0&amp;q=100&amp;dpr=1&amp;fit=crop&amp;s=QKds_YecSCvy4bF0iH7KPw\" data-ll-status=\"loaded\" data-adbro-processed=\"true\" style=\"margin: 0px; padding: 0px; text-rendering: optimizelegibility; border: 0px; font-size: 0px; line-height: 0; max-width: 100%; position: absolute; top: 0px; left: 0px; max-height: 700px; width: 680px;\"><div class=\"embed-container-ads\" style=\"margin-top: 0px; margin-right: 0px; margin-left: 0px; padding-top: 0px; padding-right: 0px; padding-left: 0px; text-rendering: optimizelegibility; width: 680px; background: transparent; overflow: hidden; float: left; height: 100px; position: absolute; bottom: -1px; margin-bottom: 0px !important; padding-bottom: 0px !important;\"><div id=\"sis_inimage\" data-google-query-id=\"CKnjnISWzYYDFTVRwgUd1vIAFw\" style=\"margin: 0px; padding: 0px; text-rendering: optimizelegibility; position: relative; width: 680px; height: 100px;\"><div id=\"google_ads_iframe_/27973503/Vnexpress/Desktop/Inimage/Thethao/Thethao.bongda.detail_0__container__\" style=\"margin: 0px; padding: 0px; text-rendering: optimizelegibility; border: 0pt none;\"><iframe id=\"google_ads_iframe_/27973503/Vnexpress/Desktop/Inimage/Thethao/Thethao.bongda.detail_0\" name=\"google_ads_iframe_/27973503/Vnexpress/Desktop/Inimage/Thethao/Thethao.bongda.detail_0\" title=\"3rd party ad content\" width=\"1\" height=\"1\" scrolling=\"no\" marginwidth=\"0\" marginheight=\"0\" frameborder=\"0\" aria-label=\"Advertisement\" tabindex=\"0\" allow=\"attribution-reporting\" data-google-container-id=\"4\" data-load-complete=\"true\" style=\"margin: 0px; padding: 0px; text-rendering: optimizelegibility; border-width: 0px; border-style: initial; vertical-align: bottom;\"></iframe></div></div></div></picture></div><figcaption itemprop=\"description\" style=\"margin: 0px; padding: 0px; text-rendering: optimizelegibility; width: 680px; float: left; text-align: left;\"><p class=\"Image\" style=\"margin-right: 0px; margin-bottom: 0px; margin-left: 0px; padding: 10px 0px 0px; text-rendering: optimizespeed; font-variant-numeric: normal; font-variant-east-asian: normal; font-variant-alternates: normal; font-kerning: auto; font-optical-sizing: auto; font-feature-settings: normal; font-variation-settings: normal; font-variant-position: normal; font-stretch: normal; font-size: 14px; line-height: 22.4px;\">Messi cầm Quả Bóng Vàng World Cup, hôn cup vàng thế giới ở Lusail, Qatar, tối 18/12/2022. Ảnh:&nbsp;<em style=\"margin: 0px; padding: 0px; text-rendering: optimizelegibility;\">Reuters</em></p></figcaption></figure><p class=\"Normal\" style=\"margin-right: 0px; margin-bottom: 1em; margin-left: 0px; padding: 0px; text-rendering: optimizespeed; line-height: 28.8px;\">Messi ám chỉ những ký ức do chính anh trải nghiệm tại Qatar là đủ, nên không cần xem lại video để nhớ lại các khoảnh khắc. Đội trưởng Argentina đoạt Quả Bóng Vàng World Cup 2022, với bảy bàn, trong đó anh lập công ở cả bốn trận vòng knock-out, cũng là cầu thủ duy nhất làm được điều này tại Qatar.</p><p class=\"Normal\" style=\"margin-right: 0px; margin-bottom: 1em; margin-left: 0px; padding: 0px; text-rendering: optimizespeed; line-height: 28.8px;\">Messi cũng cho biết anh không cảm thấy lo lắng và hồi hộp như người hâm mộ, đặc biệt là ở khoảnh khắc thủ môn Emiliano Martinez dùng chân chắn cú sút của tiền đạo Pháp Randal Kolo Muani, phút cuối hiệp phụ. Vì thế, anh không xem lại khoảnh khắc đó, để tránh cảm giác căng thẳng. \"Tôi không thấy pha cứu thua của Martinez lúc đó, nên tôi không phải thót tim như phần lớn người khác\", siêu sao 37 tuổi nói thêm.</p><p class=\"Normal\" style=\"margin-right: 0px; margin-bottom: 1em; margin-left: 0px; padding: 0px; text-rendering: optimizespeed; line-height: 28.8px;\">Pha cứu thua của Martinez giúp Argentina giữ vững tỷ số 3-3 và đưa Pháp vào loạt đá luân lưu. Ở đó, đại diện Nam Mỹ thắng 4-2, để lần đầu vô địch kể từ năm 1986. Đó cũng là lần đầu Messi vô địch World Cup - danh hiệu lớn cuối cùng anh còn thiếu trước khi tới Qatar.</p><p class=\"Normal\" style=\"margin-right: 0px; margin-bottom: 1em; margin-left: 0px; padding: 0px; text-rendering: optimizespeed; line-height: 28.8px;\">\"Tôi đã đoạt tất cả vinh quang trong sự nghiệp\", Messi nói thêm. \"Trước đó ở Barca, tôi đã có cảm giác đoạt mọi danh hiệu và được mọi người yêu mến. Nhưng trên tuyển, vẫn có gì đó tôi cảm thấy còn thiếu, và World Cup chính là danh hiệu cuối cùng tôi cần\".</p><p class=\"Normal\" style=\"margin-right: 0px; margin-bottom: 1em; margin-left: 0px; padding: 0px; text-rendering: optimizespeed; line-height: 28.8px;\">Tuy nhiên,&nbsp;<a href=\"https://vnexpress.net/chu-de/lionel-messi-300\" rel=\"dofollow\" data-itm-source=\"#vn_source=Detail-TheThao_BongDa_CacGiaiKhac-4755818&amp;vn_campaign=Box-InternalLink&amp;vn_medium=Link-Messi&amp;vn_term=Desktop&amp;vn_thumb=0\" data-itm-added=\"1\" style=\"margin: 0px; padding: 0px 0px 1px; text-rendering: optimizelegibility; color: rgb(7, 109, 182); position: relative; text-underline-position: under; border-bottom-width: 1px; border-bottom-style: solid;\">Messi</a>&nbsp;vẫn nói thêm rằng Argentina vẫn sẽ cố gắng cật lực để bảo vệ Copa America 2024 tại Mỹ. Đương kim vô địch ở bảng A cùng Chile, Canada và Peru. Đội ra quân gặp Canada ngày 20/6, cũng là trận khai mạc.</p></article>\r\n\r\n ', 'uploads/users/6664eb3f494a31717889855fkscvpyvqaa1fv9-jfif.jpg', '2024-06-09 23:37:35', '2024-06-09 23:37:35', 30, 23, 1, 1, 1);
INSERT INTO `posts` (`id`, `title`, `description`, `content`, `image`, `date`, `dateChange`, `views`, `idAuthor`, `idCategory`, `idType`, `status`) VALUES
(17, 'Điểm chuẩn lớp 10 của TP HCM có thể giảm 0,5-2', 'Đề Văn, Tiếng Anh ổn định nhưng môn Toán gây bất ngờ vì độ khó, nhiều giáo viên dự đoán điểm chuẩn lớp 10 có thể giảm 0,5-2 so với năm ngoái.', '<p class=\"Normal\" style=\"margin-right: 0px; margin-bottom: 1em; margin-left: 0px; padding: 0px; text-rendering: optimizespeed; line-height: 28.8px; color: rgb(34, 34, 34); font-family: arial; font-size: 18px; background-color: rgb(252, 250, 246);\">Hơn 98.000 thí sinh hoàn thành kỳ thi vào lớp 10 công lập ở TP HCM với ba môn Văn, Toán, Ngoại ngữ (phần lớn thi Tiếng Anh) vào ngày 7/6.</p><p class=\"Normal\" style=\"margin-right: 0px; margin-bottom: 1em; margin-left: 0px; padding: 0px; text-rendering: optimizespeed; line-height: 28.8px; color: rgb(34, 34, 34); font-family: arial; font-size: 18px; background-color: rgb(252, 250, 246);\">Ở môn&nbsp;<strong style=\"margin: 0px; padding: 0px; text-rendering: optimizelegibility;\">Văn</strong>, thầy Võ Minh Nghĩa, giáo viên trường THPT Nguyễn Du, quận 10, đánh giá phần nghị luận xã hội là nội dung phân hóa học sinh, các câu còn lại đều dễ dàng. Do đó, phổ điểm sẽ rơi vào khoảng 7,5-8 với những em đầu tư, rèn luyện kỹ năng viết từ trước, nhưng sẽ khó có nhiều điểm 9 trở lên.</p><p class=\"Normal\" style=\"margin-right: 0px; margin-bottom: 1em; margin-left: 0px; padding: 0px; text-rendering: optimizespeed; line-height: 28.8px; color: rgb(34, 34, 34); font-family: arial; font-size: 18px; background-color: rgb(252, 250, 246);\">Theo thầy Nghĩa, môn Văn sẽ ít điểm dưới trung bình bởi thí sinh chỉ cần nắm kỹ một tác phẩm thơ bất kỳ cũng có thể làm câu 2, phần nghị luận văn học.</p><p class=\"Normal\" style=\"margin-right: 0px; margin-bottom: 1em; margin-left: 0px; padding: 0px; text-rendering: optimizespeed; line-height: 28.8px; color: rgb(34, 34, 34); font-family: arial; font-size: 18px; background-color: rgb(252, 250, 246);\">\"So sánh với năm trước thì điểm trung bình của môn Văn sẽ cao hơn 0,5-0,75\", thầy Nghĩa dự đoán.</p><figure data-size=\"true\" itemprop=\"associatedMedia image\" itemscope=\"\" itemtype=\"http://schema.org/ImageObject\" class=\"tplCaption action_thumb_added\" style=\"margin-right: auto; margin-bottom: 15px; margin-left: auto; padding: 0px; text-rendering: optimizelegibility; max-width: 100%; clear: both; position: relative; text-align: center; width: 680px; float: left; color: rgb(34, 34, 34); font-family: arial; font-size: 18px; background-color: rgb(252, 250, 246);\"><div class=\"fig-picture\" style=\"margin: 0px; padding: 0px 0px 453.328px; text-rendering: optimizelegibility; width: 680px; float: left; display: table; -webkit-box-pack: center; justify-content: center; background: rgb(240, 238, 234); position: relative;\"><picture style=\"margin: 0px; padding: 0px; text-rendering: optimizelegibility;\"><source data-srcset=\"https://i1-vnexpress.vnecdn.net/2024/06/08/233a9372-1717844232-7341-1717844661.jpg?w=680&amp;h=0&amp;q=100&amp;dpr=1&amp;fit=crop&amp;s=nKNmf1MhFiCwd__8iNbRKQ 1x, https://i1-vnexpress.vnecdn.net/2024/06/08/233a9372-1717844232-7341-1717844661.jpg?w=1020&amp;h=0&amp;q=100&amp;dpr=1&amp;fit=crop&amp;s=mqk86fxi8Zck3oOJACgjQA 1.5x, https://i1-vnexpress.vnecdn.net/2024/06/08/233a9372-1717844232-7341-1717844661.jpg?w=680&amp;h=0&amp;q=100&amp;dpr=2&amp;fit=crop&amp;s=amx3bIv8gl4-Wg35eSftgg 2x\" srcset=\"https://i1-vnexpress.vnecdn.net/2024/06/08/233a9372-1717844232-7341-1717844661.jpg?w=680&amp;h=0&amp;q=100&amp;dpr=1&amp;fit=crop&amp;s=nKNmf1MhFiCwd__8iNbRKQ 1x, https://i1-vnexpress.vnecdn.net/2024/06/08/233a9372-1717844232-7341-1717844661.jpg?w=1020&amp;h=0&amp;q=100&amp;dpr=1&amp;fit=crop&amp;s=mqk86fxi8Zck3oOJACgjQA 1.5x, https://i1-vnexpress.vnecdn.net/2024/06/08/233a9372-1717844232-7341-1717844661.jpg?w=680&amp;h=0&amp;q=100&amp;dpr=2&amp;fit=crop&amp;s=amx3bIv8gl4-Wg35eSftgg 2x\" style=\"margin: 0px; padding: 0px; text-rendering: optimizelegibility;\"><img itemprop=\"contentUrl\" loading=\"lazy\" intrinsicsize=\"680x0\" alt=\"Thí sinh\" class=\"lazy lazied\" src=\"https://i1-vnexpress.vnecdn.net/2024/06/08/233a9372-1717844232-7341-1717844661.jpg?w=680&amp;h=0&amp;q=100&amp;dpr=1&amp;fit=crop&amp;s=nKNmf1MhFiCwd__8iNbRKQ\" data-src=\"https://i1-vnexpress.vnecdn.net/2024/06/08/233a9372-1717844232-7341-1717844661.jpg?w=680&amp;h=0&amp;q=100&amp;dpr=1&amp;fit=crop&amp;s=nKNmf1MhFiCwd__8iNbRKQ\" data-ll-status=\"loaded\" style=\"margin: 0px; padding: 0px; text-rendering: optimizelegibility; border: 0px; font-size: 0px; line-height: 0; max-width: 100%; position: absolute; top: 0px; left: 0px; max-height: 700px; width: 680px;\"></picture></div><figcaption itemprop=\"description\" style=\"margin: 0px; padding: 0px; text-rendering: optimizelegibility; width: 680px; float: left; text-align: left;\"><p class=\"Image\" style=\"margin-right: 0px; margin-bottom: 0px; margin-left: 0px; padding: 10px 0px 0px; text-rendering: optimizespeed; font-variant-numeric: normal; font-variant-east-asian: normal; font-variant-alternates: normal; font-kerning: auto; font-optical-sizing: auto; font-feature-settings: normal; font-variation-settings: normal; font-variant-position: normal; font-stretch: normal; font-size: 14px; line-height: 22.4px;\">Thí sinh ở trường THCS Trần Quốc Toản phấn khởi trong ngày thi đầu 6/6. Ảnh:&nbsp;<em style=\"margin: 0px; padding: 0px; text-rendering: optimizelegibility;\">Quỳnh Trần</em></p></figcaption></figure><p class=\"Normal\" style=\"margin-right: 0px; margin-bottom: 1em; margin-left: 0px; padding: 0px; text-rendering: optimizespeed; line-height: 28.8px; color: rgb(34, 34, 34); font-family: arial; font-size: 18px; background-color: rgb(252, 250, 246);\"><br></p><p class=\"Normal\" style=\"margin-right: 0px; margin-bottom: 1em; margin-left: 0px; padding: 0px; text-rendering: optimizespeed; line-height: 28.8px; color: rgb(34, 34, 34); font-family: arial; font-size: 18px; background-color: rgb(252, 250, 246);\"><br></p><p class=\"Normal\" style=\"margin-right: 0px; margin-bottom: 1em; margin-left: 0px; padding: 0px; text-rendering: optimizespeed; line-height: 28.8px; color: rgb(34, 34, 34); font-family: arial; font-size: 18px; background-color: rgb(252, 250, 246);\"><br></p><p class=\"Normal\" style=\"margin-right: 0px; margin-bottom: 1em; margin-left: 0px; padding: 0px; text-rendering: optimizespeed; line-height: 28.8px; color: rgb(34, 34, 34); font-family: arial; font-size: 18px; background-color: rgb(252, 250, 246);\"><br></p><p class=\"Normal\" style=\"margin-right: 0px; margin-bottom: 1em; margin-left: 0px; padding: 0px; text-rendering: optimizespeed; line-height: 28.8px; color: rgb(34, 34, 34); font-family: arial; font-size: 18px; background-color: rgb(252, 250, 246);\"><br></p><p class=\"Normal\" style=\"margin-right: 0px; margin-bottom: 1em; margin-left: 0px; padding: 0px; text-rendering: optimizespeed; line-height: 28.8px; color: rgb(34, 34, 34); font-family: arial; font-size: 18px; background-color: rgb(252, 250, 246);\"><br></p><p class=\"Normal\" style=\"margin-right: 0px; margin-bottom: 1em; margin-left: 0px; padding: 0px; text-rendering: optimizespeed; line-height: 28.8px; color: rgb(34, 34, 34); font-family: arial; font-size: 18px; background-color: rgb(252, 250, 246);\"><br></p><p class=\"Normal\" style=\"margin-right: 0px; margin-bottom: 1em; margin-left: 0px; padding: 0px; text-rendering: optimizespeed; line-height: 28.8px; color: rgb(34, 34, 34); font-family: arial; font-size: 18px; background-color: rgb(252, 250, 246);\"><br></p><p class=\"Normal\" style=\"margin-right: 0px; margin-bottom: 1em; margin-left: 0px; padding: 0px; text-rendering: optimizespeed; line-height: 28.8px; color: rgb(34, 34, 34); font-family: arial; font-size: 18px; background-color: rgb(252, 250, 246);\"><br></p><p class=\"Normal\" style=\"margin-right: 0px; margin-bottom: 1em; margin-left: 0px; padding: 0px; text-rendering: optimizespeed; line-height: 28.8px; color: rgb(34, 34, 34); font-family: arial; font-size: 18px; background-color: rgb(252, 250, 246);\"><br></p><p class=\"Normal\" style=\"margin-right: 0px; margin-bottom: 1em; margin-left: 0px; padding: 0px; text-rendering: optimizespeed; line-height: 28.8px; color: rgb(34, 34, 34); font-family: arial; font-size: 18px; background-color: rgb(252, 250, 246);\"><br></p><p class=\"Normal\" style=\"margin-right: 0px; margin-bottom: 1em; margin-left: 0px; padding: 0px; text-rendering: optimizespeed; line-height: 28.8px; color: rgb(34, 34, 34); font-family: arial; font-size: 18px; background-color: rgb(252, 250, 246);\">Với đề nhẹ nhàng, quen thuộc,&nbsp;<strong style=\"margin: 0px; padding: 0px; text-rendering: optimizelegibility;\">Tiếng Anh</strong>&nbsp;được xem là môn gỡ điểm cho thí sinh trong kỳ thi lớp 10 năm nay. Cô Trần Thị Vân, tổ trưởng Tiếng Anh, trường THCS Nguyễn Du, quận 1, nhận định phổ điểm môn này sẽ tập trung nhiều ở khoảng 7-9. Không có \"mưa\" điểm 10 như năm ngoái bởi có 4 câu khó, học sinh dễ sơ sẩy thuộc phần chọn đúng sai, dạng của từ và viết lại câu.</p><p class=\"Normal\" style=\"margin-right: 0px; margin-bottom: 1em; margin-left: 0px; padding: 0px; text-rendering: optimizespeed; line-height: 28.8px; color: rgb(34, 34, 34); font-family: arial; font-size: 18px; background-color: rgb(252, 250, 246);\">\"Điểm dưới trung bình sẽ không nhiều. Những em trung bình yếu nếu cố gắng cũng có thể đạt điểm 5-6. Phổ điểm chung không chênh lệch với năm ngoái\", cô Vân nói.</p><div id=\"sis_outstream__c\" data-set=\"dfp\" style=\"margin: 0px; padding: 0px; text-rendering: optimizelegibility; color: rgb(34, 34, 34); font-family: arial; font-size: 18px; background-color: rgb(252, 250, 246);\"></div><p class=\"Normal\" style=\"margin-right: 0px; margin-bottom: 1em; margin-left: 0px; padding: 0px; text-rendering: optimizespeed; line-height: 28.8px; color: rgb(34, 34, 34); font-family: arial; font-size: 18px; background-color: rgb(252, 250, 246);\"><strong style=\"margin: 0px; padding: 0px; text-rendering: optimizelegibility;\">Toán</strong>&nbsp;là môn khiến nhiều thí sinh hụt hẫng, tiếc nuối nhất sau 120 phút làm bài. Một giáo viên coi thi tại trường THCS Đồng Khởi, quận 1, cho biết thông thường sau 30 phút đầu, thí sinh đã xin thêm giấy thi nhưng năm nay, hơn 60 phút trôi qua, nhiều em vẫn vò đầu bứt tai. Nộp bài thi xong, có học trò&nbsp;<a href=\"https://vnexpress.net/thi-sinh-bat-khoc-giao-vien-bat-ngo-voi-de-thi-toan-lop-10-4755562.html\" rel=\"dofollow\" data-itm-source=\"#vn_source=Detail-GiaoDuc_TinTuc-4756015&amp;vn_campaign=Box-InternalLink&amp;vn_medium=Link-Khoc&amp;vn_term=Desktop&amp;vn_thumb=0\" data-itm-added=\"1\" style=\"margin: 0px; padding: 0px 0px 1px; text-rendering: optimizelegibility; color: rgb(7, 109, 182); position: relative; text-underline-position: under; border-bottom-width: 1px; border-bottom-style: solid;\">khóc</a>&nbsp;như mưa.</p><p class=\"Normal\" style=\"margin-right: 0px; margin-bottom: 1em; margin-left: 0px; padding: 0px; text-rendering: optimizespeed; line-height: 28.8px; color: rgb(34, 34, 34); font-family: arial; font-size: 18px; background-color: rgb(252, 250, 246);\">Thầy Nguyễn Đăng Khoa, giáo viên Toán trường THCS Tân Túc, huyện Bình Chánh, cho rằng đề Toán khó và lạ với phần lớn học sinh. Đề gồm 8 câu, học sinh có thể giải quyết câu 1, 2, 4, 5 và câu 8a. Các câu còn lại, thí sinh lúng túng khi đọc hiểu vì dạng lạ, cộng với tâm lý phòng thi nên không làm được bài.</p><p class=\"Normal\" style=\"margin-right: 0px; margin-bottom: 1em; margin-left: 0px; padding: 0px; text-rendering: optimizespeed; line-height: 28.8px; color: rgb(34, 34, 34); font-family: arial; font-size: 18px; background-color: rgb(252, 250, 246);\">Thầy Võ Thanh Quan, trường THCS Nguyễn Hiền, quận 12, đánh giá với đề Toán này học sinh trung bình khó đạt điểm 5. Những em khá chỉ làm được 5-6 điểm, điểm giỏi (từ 8 trở lên) sẽ không nhiều.</p><p class=\"Normal\" style=\"margin-right: 0px; margin-bottom: 1em; margin-left: 0px; padding: 0px; text-rendering: optimizespeed; line-height: 28.8px; color: rgb(34, 34, 34); font-family: arial; font-size: 18px; background-color: rgb(252, 250, 246);\">Hai thầy dự đoán tỷ lệ bài thi môn Toán dưới điểm trung bình sẽ cao hơn năm ngoái (46%).</p><figure data-size=\"true\" itemprop=\"associatedMedia image\" itemscope=\"\" itemtype=\"http://schema.org/ImageObject\" class=\"tplCaption action_thumb_added\" style=\"margin-right: auto; margin-bottom: 15px; margin-left: auto; padding: 0px; text-rendering: optimizelegibility; max-width: 100%; clear: both; position: relative; text-align: center; width: 680px; float: left; color: rgb(34, 34, 34); font-family: arial; font-size: 18px; background-color: rgb(252, 250, 246);\"><div class=\"fig-picture\" style=\"margin: 0px; padding: 0px 0px 382.625px; text-rendering: optimizelegibility; width: 680px; float: left; display: table; -webkit-box-pack: center; justify-content: center; background: rgb(240, 238, 234); position: relative;\"><picture style=\"margin: 0px; padding: 0px; text-rendering: optimizelegibility;\"><source data-srcset=\"https://i1-vnexpress.vnecdn.net/2024/06/08/thi-sinh-bat-khoc-vi-de-toan-k-8682-6834-1717844661.jpg?w=680&amp;h=0&amp;q=100&amp;dpr=1&amp;fit=crop&amp;s=hFPGHhWUJyFYjNSU6zO85g 1x, https://i1-vnexpress.vnecdn.net/2024/06/08/thi-sinh-bat-khoc-vi-de-toan-k-8682-6834-1717844661.jpg?w=1020&amp;h=0&amp;q=100&amp;dpr=1&amp;fit=crop&amp;s=9MAUXbusS57Ik-9RANFPFw 1.5x, https://i1-vnexpress.vnecdn.net/2024/06/08/thi-sinh-bat-khoc-vi-de-toan-k-8682-6834-1717844661.jpg?w=680&amp;h=0&amp;q=100&amp;dpr=2&amp;fit=crop&amp;s=uhiDqXvGV96sRd_bLnpTcg 2x\" srcset=\"https://i1-vnexpress.vnecdn.net/2024/06/08/thi-sinh-bat-khoc-vi-de-toan-k-8682-6834-1717844661.jpg?w=680&amp;h=0&amp;q=100&amp;dpr=1&amp;fit=crop&amp;s=hFPGHhWUJyFYjNSU6zO85g 1x, https://i1-vnexpress.vnecdn.net/2024/06/08/thi-sinh-bat-khoc-vi-de-toan-k-8682-6834-1717844661.jpg?w=1020&amp;h=0&amp;q=100&amp;dpr=1&amp;fit=crop&amp;s=9MAUXbusS57Ik-9RANFPFw 1.5x, https://i1-vnexpress.vnecdn.net/2024/06/08/thi-sinh-bat-khoc-vi-de-toan-k-8682-6834-1717844661.jpg?w=680&amp;h=0&amp;q=100&amp;dpr=2&amp;fit=crop&amp;s=uhiDqXvGV96sRd_bLnpTcg 2x\" style=\"margin: 0px; padding: 0px; text-rendering: optimizelegibility;\"><img itemprop=\"contentUrl\" loading=\"lazy\" intrinsicsize=\"680x0\" alt=\"Thí sinh bật khóc sau giờ làm bài môn Toán, trưa 7/6. Ảnh: Lệ Nguyễn\" class=\"lazy lazied\" src=\"https://i1-vnexpress.vnecdn.net/2024/06/08/thi-sinh-bat-khoc-vi-de-toan-k-8682-6834-1717844661.jpg?w=680&amp;h=0&amp;q=100&amp;dpr=1&amp;fit=crop&amp;s=hFPGHhWUJyFYjNSU6zO85g\" data-src=\"https://i1-vnexpress.vnecdn.net/2024/06/08/thi-sinh-bat-khoc-vi-de-toan-k-8682-6834-1717844661.jpg?w=680&amp;h=0&amp;q=100&amp;dpr=1&amp;fit=crop&amp;s=hFPGHhWUJyFYjNSU6zO85g\" data-ll-status=\"loaded\" style=\"margin: 0px; padding: 0px; text-rendering: optimizelegibility; border: 0px; font-size: 0px; line-height: 0; max-width: 100%; position: absolute; top: 0px; left: 0px; max-height: 700px; width: 680px;\"></picture></div><figcaption itemprop=\"description\" style=\"margin: 0px; padding: 0px; text-rendering: optimizelegibility; width: 680px; float: left; text-align: left;\"><p class=\"Image\" style=\"margin-right: 0px; margin-bottom: 0px; margin-left: 0px; padding: 10px 0px 0px; text-rendering: optimizespeed; font-variant-numeric: normal; font-variant-east-asian: normal; font-variant-alternates: normal; font-kerning: auto; font-optical-sizing: auto; font-feature-settings: normal; font-variation-settings: normal; font-variant-position: normal; font-stretch: normal; font-size: 14px; line-height: 22.4px;\">Thí sinh bật khóc sau giờ làm bài môn Toán, trưa 7/6. Ảnh:<em style=\"margin: 0px; padding: 0px; text-rendering: optimizelegibility;\">&nbsp;Lệ Nguyễn</em></p></figcaption></figure><p class=\"Normal\" style=\"margin-right: 0px; margin-bottom: 1em; margin-left: 0px; padding: 0px; text-rendering: optimizespeed; line-height: 28.8px; color: rgb(34, 34, 34); font-family: arial; font-size: 18px; background-color: rgb(252, 250, 246);\"><br></p><p class=\"Normal\" style=\"margin-right: 0px; margin-bottom: 1em; margin-left: 0px; padding: 0px; text-rendering: optimizespeed; line-height: 28.8px; color: rgb(34, 34, 34); font-family: arial; font-size: 18px; background-color: rgb(252, 250, 246);\"><br></p><p class=\"Normal\" style=\"margin-right: 0px; margin-bottom: 1em; margin-left: 0px; padding: 0px; text-rendering: optimizespeed; line-height: 28.8px; color: rgb(34, 34, 34); font-family: arial; font-size: 18px; background-color: rgb(252, 250, 246);\"><br></p><p class=\"Normal\" style=\"margin-right: 0px; margin-bottom: 1em; margin-left: 0px; padding: 0px; text-rendering: optimizespeed; line-height: 28.8px; color: rgb(34, 34, 34); font-family: arial; font-size: 18px; background-color: rgb(252, 250, 246);\"><br></p><p class=\"Normal\" style=\"margin-right: 0px; margin-bottom: 1em; margin-left: 0px; padding: 0px; text-rendering: optimizespeed; line-height: 28.8px; color: rgb(34, 34, 34); font-family: arial; font-size: 18px; background-color: rgb(252, 250, 246);\"><br></p><p class=\"Normal\" style=\"margin-right: 0px; margin-bottom: 1em; margin-left: 0px; padding: 0px; text-rendering: optimizespeed; line-height: 28.8px; color: rgb(34, 34, 34); font-family: arial; font-size: 18px; background-color: rgb(252, 250, 246);\"><br></p><p class=\"Normal\" style=\"margin-right: 0px; margin-bottom: 1em; margin-left: 0px; padding: 0px; text-rendering: optimizespeed; line-height: 28.8px; color: rgb(34, 34, 34); font-family: arial; font-size: 18px; background-color: rgb(252, 250, 246);\"><br></p><p class=\"Normal\" style=\"margin-right: 0px; margin-bottom: 1em; margin-left: 0px; padding: 0px; text-rendering: optimizespeed; line-height: 28.8px; color: rgb(34, 34, 34); font-family: arial; font-size: 18px; background-color: rgb(252, 250, 246);\"><br></p><p class=\"Normal\" style=\"margin-right: 0px; margin-bottom: 1em; margin-left: 0px; padding: 0px; text-rendering: optimizespeed; line-height: 28.8px; color: rgb(34, 34, 34); font-family: arial; font-size: 18px; background-color: rgb(252, 250, 246);\"><br></p><p class=\"Normal\" style=\"margin-right: 0px; margin-bottom: 1em; margin-left: 0px; padding: 0px; text-rendering: optimizespeed; line-height: 28.8px; color: rgb(34, 34, 34); font-family: arial; font-size: 18px; background-color: rgb(252, 250, 246);\"><br></p><p class=\"Normal\" style=\"margin-right: 0px; margin-bottom: 1em; margin-left: 0px; padding: 0px; text-rendering: optimizespeed; line-height: 28.8px; color: rgb(34, 34, 34); font-family: arial; font-size: 18px; background-color: rgb(252, 250, 246);\">Đánh giá tổng thể ba môn thi, thầy Đinh Phú Cường, Hiệu trưởng THCS Nguyễn Văn Luông, quận 6, cho rằng điểm thi Tiếng Anh và Văn có thể tương đương năm ngoái nhưng Toán sẽ giảm mạnh. Do đó, điểm chuẩn các trường có thể giảm 1-2 điểm.</p><p class=\"Normal\" style=\"margin-right: 0px; margin-bottom: 1em; margin-left: 0px; padding: 0px; text-rendering: optimizespeed; line-height: 28.8px; color: rgb(34, 34, 34); font-family: arial; font-size: 18px; background-color: rgb(252, 250, 246);\">Đây cũng là dự đoán của thầy Huỳnh Thanh Phú, Hiệu trưởng THPT Bùi Thị Xuân, quận 1. Thầy lý giải đề Văn có độ mở, học sinh đôi khi viết lan man nên không dễ có điểm cao, dự đoán phổ điểm tập trung 5-6,5. Môn Tiếng Anh tuy nhẹ nhàng nhưng không thể có \"mưa\" điểm 10 như năm ngoái, điểm 7-8,5 chiếm đa số. Trong khi đó, đề Toán lại khó hơn nhiều so với năm trước nên điểm môn này sẽ giảm.</p><p class=\"Normal\" style=\"margin-right: 0px; margin-bottom: 1em; margin-left: 0px; padding: 0px; text-rendering: optimizespeed; line-height: 28.8px; color: rgb(34, 34, 34); font-family: arial; font-size: 18px; background-color: rgb(252, 250, 246);\">Trong khi đó, thầy Nguyễn Anh Tuấn, Hiệu trưởng THCS Lê Văn Tám và cô Hứa Thị Diễm Trâm, Hiệu trưởng THCS Hà Huy Tập, quận Bình Thạnh, dự đoán điểm chuẩn lớp 10 chỉ giảm ở mức 0,5-1 điểm.</p><p class=\"Normal\" style=\"margin-right: 0px; margin-bottom: 1em; margin-left: 0px; padding: 0px; text-rendering: optimizespeed; line-height: 28.8px; color: rgb(34, 34, 34); font-family: arial; font-size: 18px; background-color: rgb(252, 250, 246);\">\"Gần như chắc chắn điểm Toán sẽ giảm vì ghi nhận chung học sinh làm bài không tốt. Môn Văn nhìn vậy nhưng chưa chắc điểm sẽ cao, tùy thuộc vào barem chấm của Sở\", thầy Tuấn nói.</p><p class=\"Normal\" style=\"margin-right: 0px; margin-bottom: 1em; margin-left: 0px; padding: 0px; text-rendering: optimizespeed; line-height: 28.8px; color: rgb(34, 34, 34); font-family: arial; font-size: 18px; background-color: rgb(252, 250, 246);\">Sở Giáo dục và Đào tạo cho biết công tác chấm thi bắt đầu ngay sáng 8/6. Điểm thi lớp 10 sẽ được công bố vào ngày 20/6. Sau đó bốn ngày, Sở công bố điểm chuẩn lớp 10 chuyên, tích hợp. Điểm chuẩn lớp 10 thường (đại trà) được công bố vào ngày 10/7.</p><p class=\"Normal\" style=\"margin-right: 0px; margin-bottom: 1em; margin-left: 0px; padding: 0px; text-rendering: optimizespeed; line-height: 28.8px; color: rgb(34, 34, 34); font-family: arial; font-size: 18px; background-color: rgb(252, 250, 246);\">TP HCM sẽ tuyển hơn 77.300 trong tổng số gần 98.700 thí sinh vào lớp 10 công lập. Tỷ lệ trúng tuyển khoảng 80%.</p><p class=\"Normal\" style=\"margin-right: 0px; margin-bottom: 1em; margin-left: 0px; padding: 0px; text-rendering: optimizespeed; line-height: 28.8px; color: rgb(34, 34, 34); font-family: arial; font-size: 18px; background-color: rgb(252, 250, 246);\">Năm ngoái, trường THPT Nguyễn Thượng Hiền lấy đầu vào cao nhất, thí sinh đạt trung bình 8,5 điểm một môn mới đỗ. Trong top 10 còn có Gia Định, Nguyễn Thị Minh Khai, Nguyễn Hữu Huân, Bùi Thị Xuân, Phú Nhuận Trần Phú, Lê Quý Đôn, Mạc Đĩnh Chi, Nguyễn Hữu Cầu, đều lấy từ 23 điểm trở lên.</p><p class=\"Normal\" style=\"margin-right: 0px; margin-bottom: 1em; margin-left: 0px; padding: 0px; text-rendering: optimizespeed; line-height: 28.8px; color: rgb(34, 34, 34); font-family: arial; font-size: 18px; background-color: rgb(252, 250, 246);\">Mức thấp nhất thuộc về THPT Đa Phước, Bình Khánh, Cần Thạnh, An Nghĩa, THCS&amp;THPT Thạnh An với 10,5 điểm, tương đương 3,5 điểm mỗi môn.</p>\r\n\r\n ', 'uploads/users/6664ef34196b51717890868thi-vao-lop-10.jpg', '2024-06-08 23:54:28', '2024-06-08 23:54:28', 0, 23, 8, 1, 1),
(18, 'Đáp án đề thi tiếng Anh lớp 10 ở Hà Nội năm 2024', 'Đề thi môn tiếng Anh chiều 8/6 gồm 40 câu trắc nghiệm, nhiều nhất là phần chọn đáp án để hoàn thành câu.', '<p class=\"Normal\" style=\"margin-right: 0px; margin-bottom: 1em; margin-left: 0px; padding: 0px; text-rendering: optimizespeed; line-height: 28.8px; color: rgb(34, 34, 34); font-family: arial; font-size: 18px; background-color: rgb(252, 250, 246);\">Chiều 8/6, hơn 105.000 thí sinh hoàn thành bài thi Ngoại ngữ, chủ yếu là Tiếng Anh, trong 60 phút.</p><p class=\"Normal\" style=\"margin-right: 0px; margin-bottom: 1em; margin-left: 0px; padding: 0px; text-rendering: optimizespeed; line-height: 28.8px; color: rgb(34, 34, 34); font-family: arial; font-size: 18px; background-color: rgb(252, 250, 246); text-align: center;\"><strong style=\"margin: 0px; padding: 0px; text-rendering: optimizelegibility;\"><a href=\"https://vnexpress.net/de-thi-tieng-anh-lop-10-o-ha-noi-nam-2024-4755886.html\" rel=\"dofollow\" data-itm-source=\"#vn_source=Detail-GiaoDuc_TuyenSinh_Lop10-4755889&amp;vn_campaign=Box-InternalLink&amp;vn_medium=Link-Xem24MaDeThiMonTiengAnh&amp;vn_term=Desktop&amp;vn_thumb=0\" data-itm-added=\"1\" style=\"margin: 0px; padding: 0px 0px 1px; text-rendering: optimizelegibility; color: rgb(7, 109, 182); position: relative; text-underline-position: under; border-bottom-width: 1px; border-bottom-style: solid;\">Xem 24 mã đề thi môn Tiếng Anh</a>&nbsp;-&nbsp;<a href=\"https://vnexpress.net/de-tieng-anh-lop-10-kho-hon-nam-ngoai-it-diem-9-10-4756027.html\" rel=\"dofollow\" data-itm-source=\"#vn_source=Detail-GiaoDuc_TuyenSinh_Lop10-4755889&amp;vn_campaign=Box-InternalLink&amp;vn_medium=Link-DuDoanPhoDiemThi&amp;vn_term=Desktop&amp;vn_thumb=0\" data-itm-added=\"1\" style=\"margin: 0px; padding: 0px 0px 1px; text-rendering: optimizelegibility; color: rgb(7, 109, 182); position: relative; text-underline-position: under; border-bottom-width: 1px; border-bottom-style: solid;\">Dự đoán phổ điểm thi</a></strong></p><p class=\"Normal\" style=\"margin-right: 0px; margin-bottom: 1em; margin-left: 0px; padding: 0px; text-rendering: optimizespeed; line-height: 28.8px; color: rgb(34, 34, 34); font-family: arial; font-size: 18px; background-color: rgb(252, 250, 246);\"><em style=\"margin: 0px; padding: 0px; text-rendering: optimizelegibility;\">Sau đây là đáp án tham khảo của Trung tâm Tuyensinh247:</em></p><br><figure data-size=\"true\" itemprop=\"associatedMedia image\" itemscope=\"\" itemtype=\"http://schema.org/ImageObject\" class=\"tplCaption action_thumb_added\" style=\"margin-right: auto; margin-bottom: 15px; margin-left: auto; padding: 0px; text-rendering: optimizelegibility; max-width: 100%; clear: both; position: relative; text-align: center; width: 680px; float: left; color: rgb(34, 34, 34); font-family: arial; font-size: 18px; background-color: rgb(252, 250, 246);\"><div class=\"fig-picture\" style=\"margin: 0px; padding: 0px 0px 144.203px; text-rendering: optimizelegibility; width: 680px; float: left; display: table; -webkit-box-pack: center; justify-content: center; background: rgb(240, 238, 234); position: relative;\"><picture data-inimage=\"done\" style=\"margin: 0px; padding: 0px; text-rendering: optimizelegibility;\"><source data-srcset=\"https://i1-vnexpress.vnecdn.net/2024/06/08/101-8337-1717840299.png?w=680&amp;h=0&amp;q=100&amp;dpr=1&amp;fit=crop&amp;s=JyvycmnS1NuXWDLmNcSP0Q 1x, https://i1-vnexpress.vnecdn.net/2024/06/08/101-8337-1717840299.png?w=1020&amp;h=0&amp;q=100&amp;dpr=1&amp;fit=crop&amp;s=0bm1dXR5HHAP2XzVWXADyg 1.5x, https://i1-vnexpress.vnecdn.net/2024/06/08/101-8337-1717840299.png?w=680&amp;h=0&amp;q=100&amp;dpr=2&amp;fit=crop&amp;s=tq4Hj0nylF-Q1u2Irv6ttw 2x\" srcset=\"https://i1-vnexpress.vnecdn.net/2024/06/08/101-8337-1717840299.png?w=680&amp;h=0&amp;q=100&amp;dpr=1&amp;fit=crop&amp;s=JyvycmnS1NuXWDLmNcSP0Q 1x, https://i1-vnexpress.vnecdn.net/2024/06/08/101-8337-1717840299.png?w=1020&amp;h=0&amp;q=100&amp;dpr=1&amp;fit=crop&amp;s=0bm1dXR5HHAP2XzVWXADyg 1.5x, https://i1-vnexpress.vnecdn.net/2024/06/08/101-8337-1717840299.png?w=680&amp;h=0&amp;q=100&amp;dpr=2&amp;fit=crop&amp;s=tq4Hj0nylF-Q1u2Irv6ttw 2x\" style=\"margin: 0px; padding: 0px; text-rendering: optimizelegibility;\"><img itemprop=\"contentUrl\" loading=\"lazy\" intrinsicsize=\"680x0\" alt=\"Đáp án đề thi tiếng Anh lớp 10 ở Hà Nội năm 2024\" class=\"lazy lazied\" src=\"https://i1-vnexpress.vnecdn.net/2024/06/08/101-8337-1717840299.png?w=680&amp;h=0&amp;q=100&amp;dpr=1&amp;fit=crop&amp;s=JyvycmnS1NuXWDLmNcSP0Q\" data-src=\"https://i1-vnexpress.vnecdn.net/2024/06/08/101-8337-1717840299.png?w=680&amp;h=0&amp;q=100&amp;dpr=1&amp;fit=crop&amp;s=JyvycmnS1NuXWDLmNcSP0Q\" data-ll-status=\"loaded\" data-adbro-processed=\"true\" style=\"margin: 0px; padding: 0px; text-rendering: optimizelegibility; border: 0px; font-size: 0px; line-height: 0; max-width: 100%; position: absolute; top: 0px; left: 0px; max-height: 700px; width: 680px;\"><div class=\"embed-container-ads\" style=\"margin-top: 0px; margin-right: 0px; margin-left: 0px; padding-top: 0px; padding-right: 0px; padding-left: 0px; text-rendering: optimizelegibility; width: 680px; background: transparent; overflow: hidden; float: left; height: 100px; position: absolute; bottom: -1px; margin-bottom: 0px !important; padding-bottom: 0px !important;\"><div id=\"sis_inimage\" data-google-query-id=\"CKeu5cOazYYDFWFAwgUdLmE7ag\" style=\"margin: 0px; padding: 0px; text-rendering: optimizelegibility; position: relative; width: 680px; height: 100px;\"><div id=\"google_ads_iframe_/27973503/Vnexpress/Desktop/Inimage/Giaoduc/Giaoduc.tuyensinh.detail_0__container__\" style=\"margin: 0px; padding: 0px; text-rendering: optimizelegibility; border: 0pt none;\"><iframe id=\"google_ads_iframe_/27973503/Vnexpress/Desktop/Inimage/Giaoduc/Giaoduc.tuyensinh.detail_0\" name=\"google_ads_iframe_/27973503/Vnexpress/Desktop/Inimage/Giaoduc/Giaoduc.tuyensinh.detail_0\" title=\"3rd party ad content\" width=\"1\" height=\"1\" scrolling=\"no\" marginwidth=\"0\" marginheight=\"0\" frameborder=\"0\" aria-label=\"Advertisement\" tabindex=\"0\" allow=\"attribution-reporting\" data-google-container-id=\"4\" data-load-complete=\"true\" style=\"margin: 0px; padding: 0px; text-rendering: optimizelegibility; border-width: 0px; border-style: initial; vertical-align: bottom;\"></iframe></div></div></div></picture></div><figcaption itemprop=\"description\" style=\"margin: 0px; padding: 0px; text-rendering: optimizelegibility; width: 680px; float: left; text-align: left;\"></figcaption></figure><br><figure data-size=\"true\" itemprop=\"associatedMedia image\" itemscope=\"\" itemtype=\"http://schema.org/ImageObject\" class=\"tplCaption action_thumb_added\" style=\"margin-right: auto; margin-bottom: 15px; margin-left: auto; padding: 0px; text-rendering: optimizelegibility; max-width: 100%; clear: both; position: relative; text-align: center; width: 680px; float: left; color: rgb(34, 34, 34); font-family: arial; font-size: 18px; background-color: rgb(252, 250, 246);\"><div class=\"fig-picture\" style=\"margin: 0px; padding: 0px 0px 145.25px; text-rendering: optimizelegibility; width: 680px; float: left; display: table; -webkit-box-pack: center; justify-content: center; background: rgb(240, 238, 234); position: relative;\"><picture style=\"margin: 0px; padding: 0px; text-rendering: optimizelegibility;\"><source data-srcset=\"https://i1-vnexpress.vnecdn.net/2024/06/08/102-9630-1717840299.png?w=680&amp;h=0&amp;q=100&amp;dpr=1&amp;fit=crop&amp;s=vVX0o8kV7De2qcn1ry6Ylw 1x, https://i1-vnexpress.vnecdn.net/2024/06/08/102-9630-1717840299.png?w=1020&amp;h=0&amp;q=100&amp;dpr=1&amp;fit=crop&amp;s=KXYZhmknKqKkBH2JnK8gNw 1.5x, https://i1-vnexpress.vnecdn.net/2024/06/08/102-9630-1717840299.png?w=680&amp;h=0&amp;q=100&amp;dpr=2&amp;fit=crop&amp;s=ToF4-l013tlAVIiJMdM4_g 2x\" srcset=\"https://i1-vnexpress.vnecdn.net/2024/06/08/102-9630-1717840299.png?w=680&amp;h=0&amp;q=100&amp;dpr=1&amp;fit=crop&amp;s=vVX0o8kV7De2qcn1ry6Ylw 1x, https://i1-vnexpress.vnecdn.net/2024/06/08/102-9630-1717840299.png?w=1020&amp;h=0&amp;q=100&amp;dpr=1&amp;fit=crop&amp;s=KXYZhmknKqKkBH2JnK8gNw 1.5x, https://i1-vnexpress.vnecdn.net/2024/06/08/102-9630-1717840299.png?w=680&amp;h=0&amp;q=100&amp;dpr=2&amp;fit=crop&amp;s=ToF4-l013tlAVIiJMdM4_g 2x\" style=\"margin: 0px; padding: 0px; text-rendering: optimizelegibility;\"><img itemprop=\"contentUrl\" loading=\"lazy\" intrinsicsize=\"680x0\" alt=\"Đáp án đề thi tiếng Anh lớp 10 ở Hà Nội năm 2024 - 1\" class=\"lazy lazied\" src=\"https://i1-vnexpress.vnecdn.net/2024/06/08/102-9630-1717840299.png?w=680&amp;h=0&amp;q=100&amp;dpr=1&amp;fit=crop&amp;s=vVX0o8kV7De2qcn1ry6Ylw\" data-src=\"https://i1-vnexpress.vnecdn.net/2024/06/08/102-9630-1717840299.png?w=680&amp;h=0&amp;q=100&amp;dpr=1&amp;fit=crop&amp;s=vVX0o8kV7De2qcn1ry6Ylw\" data-ll-status=\"loaded\" style=\"margin: 0px; padding: 0px; text-rendering: optimizelegibility; border: 0px; font-size: 0px; line-height: 0; max-width: 100%; position: absolute; top: 0px; left: 0px; max-height: 700px; width: 680px;\"></picture></div><figcaption itemprop=\"description\" style=\"margin: 0px; padding: 0px; text-rendering: optimizelegibility; width: 680px; float: left; text-align: left;\"></figcaption></figure><br><figure data-size=\"true\" itemprop=\"associatedMedia image\" itemscope=\"\" itemtype=\"http://schema.org/ImageObject\" class=\"tplCaption action_thumb_added\" style=\"margin-right: auto; margin-bottom: 15px; margin-left: auto; padding: 0px; text-rendering: optimizelegibility; max-width: 100%; clear: both; position: relative; text-align: center; width: 680px; float: left; color: rgb(34, 34, 34); font-family: arial; font-size: 18px; background-color: rgb(252, 250, 246);\"><div class=\"fig-picture\" style=\"margin: 0px; padding: 0px 0px 149.297px; text-rendering: optimizelegibility; width: 680px; float: left; display: table; -webkit-box-pack: center; justify-content: center; background: rgb(240, 238, 234); position: relative;\"><picture style=\"margin: 0px; padding: 0px; text-rendering: optimizelegibility;\"><source data-srcset=\"https://i1-vnexpress.vnecdn.net/2024/06/08/103-4201-1717840299.png?w=680&amp;h=0&amp;q=100&amp;dpr=1&amp;fit=crop&amp;s=MVFFh4hZVvhUuoJCQJNeNg 1x, https://i1-vnexpress.vnecdn.net/2024/06/08/103-4201-1717840299.png?w=1020&amp;h=0&amp;q=100&amp;dpr=1&amp;fit=crop&amp;s=7scEdkugYcn-BrI2OMQVcw 1.5x, https://i1-vnexpress.vnecdn.net/2024/06/08/103-4201-1717840299.png?w=680&amp;h=0&amp;q=100&amp;dpr=2&amp;fit=crop&amp;s=rruRbgsSJVhmZBRsV-7VpQ 2x\" srcset=\"https://i1-vnexpress.vnecdn.net/2024/06/08/103-4201-1717840299.png?w=680&amp;h=0&amp;q=100&amp;dpr=1&amp;fit=crop&amp;s=MVFFh4hZVvhUuoJCQJNeNg 1x, https://i1-vnexpress.vnecdn.net/2024/06/08/103-4201-1717840299.png?w=1020&amp;h=0&amp;q=100&amp;dpr=1&amp;fit=crop&amp;s=7scEdkugYcn-BrI2OMQVcw 1.5x, https://i1-vnexpress.vnecdn.net/2024/06/08/103-4201-1717840299.png?w=680&amp;h=0&amp;q=100&amp;dpr=2&amp;fit=crop&amp;s=rruRbgsSJVhmZBRsV-7VpQ 2x\" style=\"margin: 0px; padding: 0px; text-rendering: optimizelegibility;\"><img itemprop=\"contentUrl\" loading=\"lazy\" intrinsicsize=\"680x0\" alt=\"Đáp án đề thi tiếng Anh lớp 10 ở Hà Nội năm 2024 - 2\" class=\"lazy lazied\" src=\"https://i1-vnexpress.vnecdn.net/2024/06/08/103-4201-1717840299.png?w=680&amp;h=0&amp;q=100&amp;dpr=1&amp;fit=crop&amp;s=MVFFh4hZVvhUuoJCQJNeNg\" data-src=\"https://i1-vnexpress.vnecdn.net/2024/06/08/103-4201-1717840299.png?w=680&amp;h=0&amp;q=100&amp;dpr=1&amp;fit=crop&amp;s=MVFFh4hZVvhUuoJCQJNeNg\" data-ll-status=\"loaded\" style=\"margin: 0px; padding: 0px; text-rendering: optimizelegibility; border: 0px; font-size: 0px; line-height: 0; max-width: 100%; position: absolute; top: 0px; left: 0px; max-height: 700px; width: 680px;\"></picture></div><figcaption itemprop=\"description\" style=\"margin: 0px; padding: 0px; text-rendering: optimizelegibility; width: 680px; float: left; text-align: left;\"></figcaption></figure><br><p class=\"Normal\" style=\"margin-right: 0px; margin-bottom: 1em; margin-left: 0px; padding: 0px; text-rendering: optimizespeed; line-height: 28.8px; color: rgb(34, 34, 34); font-family: arial; font-size: 18px; background-color: rgb(252, 250, 246);\"><br></p><p class=\"Normal\" style=\"margin-right: 0px; margin-bottom: 1em; margin-left: 0px; padding: 0px; text-rendering: optimizespeed; line-height: 28.8px; color: rgb(34, 34, 34); font-family: arial; font-size: 18px; background-color: rgb(252, 250, 246);\"><br></p><p class=\"Normal\" style=\"margin-right: 0px; margin-bottom: 1em; margin-left: 0px; padding: 0px; text-rendering: optimizespeed; line-height: 28.8px; color: rgb(34, 34, 34); font-family: arial; font-size: 18px; background-color: rgb(252, 250, 246);\"><br></p><p class=\"Normal\" style=\"margin-right: 0px; margin-bottom: 1em; margin-left: 0px; padding: 0px; text-rendering: optimizespeed; line-height: 28.8px; color: rgb(34, 34, 34); font-family: arial; font-size: 18px; background-color: rgb(252, 250, 246);\"><br></p><p class=\"Normal\" style=\"margin-right: 0px; margin-bottom: 1em; margin-left: 0px; padding: 0px; text-rendering: optimizespeed; line-height: 28.8px; color: rgb(34, 34, 34); font-family: arial; font-size: 18px; background-color: rgb(252, 250, 246);\"><br></p><p class=\"Normal\" style=\"margin-right: 0px; margin-bottom: 1em; margin-left: 0px; padding: 0px; text-rendering: optimizespeed; line-height: 28.8px; color: rgb(34, 34, 34); font-family: arial; font-size: 18px; background-color: rgb(252, 250, 246);\"><br></p><p class=\"Normal\" style=\"margin-right: 0px; margin-bottom: 1em; margin-left: 0px; padding: 0px; text-rendering: optimizespeed; line-height: 28.8px; color: rgb(34, 34, 34); font-family: arial; font-size: 18px; background-color: rgb(252, 250, 246);\"><br></p><p class=\"Normal\" style=\"margin-right: 0px; margin-bottom: 1em; margin-left: 0px; padding: 0px; text-rendering: optimizespeed; line-height: 28.8px; color: rgb(34, 34, 34); font-family: arial; font-size: 18px; background-color: rgb(252, 250, 246);\"><br></p><p class=\"Normal\" style=\"margin-right: 0px; margin-bottom: 1em; margin-left: 0px; padding: 0px; text-rendering: optimizespeed; line-height: 28.8px; color: rgb(34, 34, 34); font-family: arial; font-size: 18px; background-color: rgb(252, 250, 246);\"><br></p><p class=\"Normal\" style=\"margin-right: 0px; margin-bottom: 1em; margin-left: 0px; padding: 0px; text-rendering: optimizespeed; line-height: 28.8px; color: rgb(34, 34, 34); font-family: arial; font-size: 18px; background-color: rgb(252, 250, 246);\">Kỳ thi lớp 10 ở Hà Nội diễn ra ngày 8-9/6. Sau bài thi môn Ngữ văn và Tiếng Anh hôm nay, thí sinh thi môn Toán vào sáng 9/6. Những em có nguyện vọng vào hệ chuyên thi thêm ngày 10/6.</p><p class=\"Normal\" style=\"margin-right: 0px; margin-bottom: 1em; margin-left: 0px; padding: 0px; text-rendering: optimizespeed; line-height: 28.8px; color: rgb(34, 34, 34); font-family: arial; font-size: 18px; background-color: rgb(252, 250, 246);\">Điểm xét tuyển của các trường đại trà là tổng ba môn, trong đó Toán và Ngữ văn nhân hệ số hai. Còn các trường chuyên tính tổng bốn môn với môn chuyên nhân đôi.</p><div id=\"sis_outstream__c\" data-set=\"dfp\" style=\"margin: 0px; padding: 0px; text-rendering: optimizelegibility; color: rgb(34, 34, 34); font-family: arial; font-size: 18px; background-color: rgb(252, 250, 246);\"></div><p class=\"Normal\" style=\"margin-right: 0px; margin-bottom: 1em; margin-left: 0px; padding: 0px; text-rendering: optimizespeed; line-height: 28.8px; color: rgb(34, 34, 34); font-family: arial; font-size: 18px; background-color: rgb(252, 250, 246);\">Sở Giáo dục và Đào tạo cho biết 127 trường THPT công lập (gồm cả trường chuyên, trường tự chủ) sẽ tuyển 77.000 em. Điểm thi lớp 10 được công bố chậm nhất vào ngày 2/7, điểm chuẩn sau đó 4-7 ngày.</p><div id=\"sis_outstream__c\" style=\"margin: 0px; padding: 0px; text-rendering: optimizelegibility; color: rgb(34, 34, 34); font-family: arial; font-size: 18px; background-color: rgb(252, 250, 246);\"><figure data-size=\"true\" itemprop=\"associatedMedia image\" itemscope=\"\" itemtype=\"http://schema.org/ImageObject\" class=\"tplCaption action_thumb_added\" style=\"margin-right: auto; margin-bottom: 15px; margin-left: auto; padding: 0px; text-rendering: optimizelegibility; max-width: 100%; clear: both; position: relative; text-align: center; width: 680px; float: left;\"><div class=\"fig-picture\" style=\"margin: 0px; padding: 0px 0px 452.469px; text-rendering: optimizelegibility; width: 680px; float: left; display: table; -webkit-box-pack: center; justify-content: center; background: rgb(240, 238, 234); position: relative;\"><picture style=\"margin: 0px; padding: 0px; text-rendering: optimizelegibility;\"><source data-srcset=\"https://i1-vnexpress.vnecdn.net/2024/06/08/441970494-1395429171120769-161-2614-5394-1717836529.jpg?w=680&amp;h=0&amp;q=100&amp;dpr=1&amp;fit=crop&amp;s=TqUNyEaokwHKyJdTRt8kKg 1x, https://i1-vnexpress.vnecdn.net/2024/06/08/441970494-1395429171120769-161-2614-5394-1717836529.jpg?w=1020&amp;h=0&amp;q=100&amp;dpr=1&amp;fit=crop&amp;s=sTAvGqG6uZvzu5nP598wug 1.5x, https://i1-vnexpress.vnecdn.net/2024/06/08/441970494-1395429171120769-161-2614-5394-1717836529.jpg?w=680&amp;h=0&amp;q=100&amp;dpr=2&amp;fit=crop&amp;s=h3cmkVAqeKlEbgJ9dXnc8g 2x\" srcset=\"https://i1-vnexpress.vnecdn.net/2024/06/08/441970494-1395429171120769-161-2614-5394-1717836529.jpg?w=680&amp;h=0&amp;q=100&amp;dpr=1&amp;fit=crop&amp;s=TqUNyEaokwHKyJdTRt8kKg 1x, https://i1-vnexpress.vnecdn.net/2024/06/08/441970494-1395429171120769-161-2614-5394-1717836529.jpg?w=1020&amp;h=0&amp;q=100&amp;dpr=1&amp;fit=crop&amp;s=sTAvGqG6uZvzu5nP598wug 1.5x, https://i1-vnexpress.vnecdn.net/2024/06/08/441970494-1395429171120769-161-2614-5394-1717836529.jpg?w=680&amp;h=0&amp;q=100&amp;dpr=2&amp;fit=crop&amp;s=h3cmkVAqeKlEbgJ9dXnc8g 2x\" style=\"margin: 0px; padding: 0px; text-rendering: optimizelegibility;\"><img itemprop=\"contentUrl\" loading=\"lazy\" intrinsicsize=\"680x0\" alt=\"Thí sinh Hà Nội sau hoàn thành bài thi môn Ngoại ngữ vào lớp 10 tại điểm thi trường THPT Chu Văn An, ngày 8/6. Ảnh: Tùng Đinh\" class=\"lazy lazied\" src=\"https://i1-vnexpress.vnecdn.net/2024/06/08/441970494-1395429171120769-161-2614-5394-1717836529.jpg?w=680&amp;h=0&amp;q=100&amp;dpr=1&amp;fit=crop&amp;s=TqUNyEaokwHKyJdTRt8kKg\" data-src=\"https://i1-vnexpress.vnecdn.net/2024/06/08/441970494-1395429171120769-161-2614-5394-1717836529.jpg?w=680&amp;h=0&amp;q=100&amp;dpr=1&amp;fit=crop&amp;s=TqUNyEaokwHKyJdTRt8kKg\" data-ll-status=\"loaded\" style=\"margin: 0px; padding: 0px; text-rendering: optimizelegibility; border: 0px; font-size: 0px; line-height: 0; max-width: 100%; position: absolute; top: 0px; left: 0px; max-height: 700px; width: 680px;\"></picture></div><figcaption itemprop=\"description\" style=\"margin: 0px; padding: 0px; text-rendering: optimizelegibility; width: 680px; float: left; text-align: left;\"><p class=\"Image\" style=\"margin-right: 0px; margin-bottom: 0px; margin-left: 0px; padding: 10px 0px 0px; text-rendering: optimizespeed; font-variant-numeric: normal; font-variant-east-asian: normal; font-variant-alternates: normal; font-kerning: auto; font-optical-sizing: auto; font-feature-settings: normal; font-variation-settings: normal; font-variant-position: normal; font-stretch: normal; font-size: 14px; line-height: 22.4px;\">Thí sinh Hà Nội sau hoàn thành bài thi môn Ngoại ngữ vào lớp 10 tại điểm thi trường THPT Chu Văn An, ngày 8/6. Ảnh:&nbsp;<em style=\"margin: 0px; padding: 0px; text-rendering: optimizelegibility;\">Tùng Đinh</em></p></figcaption></figure></div>\r\n\r\n ', 'uploads/users/6664f1c4b583e1717891524thi-vao-10-16787828721931991286758.jpg', '2024-06-09 00:05:24', '2024-06-09 00:05:24', 42, 23, 8, 1, 1);

-- --------------------------------------------------------

--
-- Table structure for table `replycomment`
--

CREATE TABLE `replycomment` (
  `id` int NOT NULL,
  `content` text CHARACTER SET utf8mb4 COLLATE utf8mb4_0900_ai_ci NOT NULL,
  `date` timestamp NOT NULL DEFAULT CURRENT_TIMESTAMP,
  `idUser` int NOT NULL,
  `idReplyUser` int NOT NULL,
  `idComment` int NOT NULL
) ENGINE=InnoDB DEFAULT CHARSET=utf8mb4 COLLATE=utf8mb4_0900_ai_ci;

--
-- Dumping data for table `replycomment`
--

INSERT INTO `replycomment` (`id`, `content`, `date`, `idUser`, `idReplyUser`, `idComment`) VALUES
(1, 'Ae tuong tac di', '2024-06-03 15:18:30', 23, 23, 2),
(2, 'aaa', '2024-06-03 15:29:26', 2, 2, 3),
(6, 'hahaahahahahahahahha', '2024-06-08 09:22:33', 23, 23, 9),
(15, 'hehe', '2024-06-08 10:12:48', 2, 4, 9),
(17, 'Bạn thật là quá đáng', '2024-06-08 23:51:02', 2, 23, 13),
(18, 'Sắp tới Rô khóc nức nở và rinh giải Tận Hiến bồ đào nha', '2024-06-08 23:52:01', 23, 2, 13);

-- --------------------------------------------------------

--
-- Table structure for table `setting`
--

CREATE TABLE `setting` (
  `logo` varchar(255) NOT NULL,
  `icon` varchar(255) NOT NULL,
  `name` varchar(255) NOT NULL,
  `email` varchar(255) NOT NULL
) ENGINE=InnoDB DEFAULT CHARSET=utf8mb4 COLLATE=utf8mb4_0900_ai_ci;

--
-- Dumping data for table `setting`
--

INSERT INTO `setting` (`logo`, `icon`, `name`, `email`) VALUES
('client/assets/images/logo.png', 'client/assets/images/favicon.png', 'News 555', 'php2news@gmail.com');

-- --------------------------------------------------------

--
-- Table structure for table `tagposts`
--

CREATE TABLE `tagposts` (
  `idTag` int NOT NULL,
  `idPost` int NOT NULL
) ENGINE=InnoDB DEFAULT CHARSET=utf8mb4 COLLATE=utf8mb4_0900_ai_ci;

--
-- Dumping data for table `tagposts`
--

INSERT INTO `tagposts` (`idTag`, `idPost`) VALUES
(2, 1),
(1, 2),
(6, 2),
(8, 2),
(10, 2),
(19, 2),
(7, 5),
(13, 5),
(14, 5),
(4, 6),
(11, 6);

-- --------------------------------------------------------

--
-- Table structure for table `tags`
--

CREATE TABLE `tags` (
  `id` int NOT NULL,
  `nameTag` varchar(255) NOT NULL,
  `status` int NOT NULL
) ENGINE=InnoDB DEFAULT CHARSET=utf8mb4 COLLATE=utf8mb4_0900_ai_ci;

--
-- Dumping data for table `tags`
--

INSERT INTO `tags` (`id`, `nameTag`, `status`) VALUES
(1, 'Messi', 1),
(2, 'Ronaldo', 1),
(3, 'Euro 2024', 1),
(4, 'C1', 1),
(5, 'Vleague', 1),
(6, 'World Cup 2024', 1),
(7, 'Heath & Beauty', 1),
(8, 'Popular', 1),
(9, 'China', 1),
(10, 'Argentina', 1),
(11, 'Mbappe', 0),
(12, 'HaNoi', 0),
(13, 'Swimming', 1),
(14, 'Running', 1),
(15, 'Training', 1),
(16, 'Hot', 1),
(17, 'World', 1),
(18, 'Ukraine', 1),
(19, 'Copa America 2024', 1),
(20, 'Social media', 0),
(21, 'Love', 1),
(22, 'Nature', 1),
(23, 'Travel', 1),
(24, 'Food', 1),
(25, 'Fun', 1),
(26, 'Dog', 1),
(27, 'Cat', 1);

-- --------------------------------------------------------

--
-- Table structure for table `type`
--

CREATE TABLE `type` (
  `id` int NOT NULL,
  `name` varchar(255) NOT NULL
) ENGINE=InnoDB DEFAULT CHARSET=utf8mb4 COLLATE=utf8mb4_0900_ai_ci;

--
-- Dumping data for table `type`
--

INSERT INTO `type` (`id`, `name`) VALUES
(2, 'Hot'),
(3, 'Hot On Social'),
(1, 'Normal');

-- --------------------------------------------------------

--
-- Table structure for table `users`
--

CREATE TABLE `users` (
  `id` int NOT NULL,
  `password` varchar(255) CHARACTER SET utf8mb4 COLLATE utf8mb4_0900_ai_ci NOT NULL,
  `email` varchar(255) NOT NULL,
  `name` varchar(255) CHARACTER SET utf8mb4 COLLATE utf8mb4_0900_ai_ci NOT NULL,
  `role` int NOT NULL,
  `avatar` varchar(255) CHARACTER SET utf8mb4 COLLATE utf8mb4_0900_ai_ci NOT NULL DEFAULT 'uploads/users/default.png',
  `created_at` timestamp NULL DEFAULT CURRENT_TIMESTAMP,
  `updated_at` timestamp NULL DEFAULT CURRENT_TIMESTAMP,
  `status` int NOT NULL,
  `token` varchar(255) NOT NULL
) ENGINE=InnoDB DEFAULT CHARSET=utf8mb4 COLLATE=utf8mb4_0900_ai_ci;

--
-- Dumping data for table `users`
--

INSERT INTO `users` (`id`, `password`, `email`, `name`, `role`, `avatar`, `created_at`, `updated_at`, `status`, `token`) VALUES
(1, '$2y$10$ko9GzRqp2je3yMDw4P6hauOG0aNaXWMZ4.eQVuM5B2CxrUISOFxBG', 'huy123@fpt.edu.vn', 'asdasdasd', 1, 'uploads/users/default.png', '2024-05-31 09:45:37', '2024-05-31 10:42:52', 2, '5d90ad909280130ee677de3a4f365ac5'),
(2, '$2y$10$ko9GzRqp2je3yMDw4P6hauOG0aNaXWMZ4.eQVuM5B2CxrUISOFxBG', 'leomecsi@gmail.com', 'liemkhiet', 1, 'uploads/users/default.png', '2024-05-31 09:45:37', '2024-05-31 10:42:35', 2, '312qsdasdasd'),
(3, '$2y$10$ko9GzRqp2je3yMDw4P6hauOG0aNaXWMZ4.eQVuM5B2CxrUISOFxBG', '123@gmail.com', 'hoangcuto', 0, 'uploads/users/default.png', '2024-05-31 09:45:37', '2024-05-31 10:31:44', 0, 'c426994b8e16f35b233f77fa0df06550'),
(4, '$2y$10$ko9GzRqp2je3yMDw4P6hauOG0aNaXWMZ4.eQVuM5B2CxrUISOFxBG', 'huy@gmail.com', 'hihi', 0, 'uploads/users/default.png', '2024-05-31 09:45:37', '2024-05-31 10:42:45', 2, 'asdasd123123'),
(23, '$2y$10$BoUZkDSwilPfhYh8CHdEve27Ff2XfJC99.22zhAe54NgfH.Kxv/se', 'huynhph46090@fpt.edu.vn', 'huymixao', 1, 'uploads/users/1717515885tro1.jpg', '2024-06-03 08:24:02', '2024-06-04 15:44:45', 2, 'fb3fc33a964b34a3f320ef84c9a80ee6'),
(24, '$2y$10$e/93BoO39sy7MGLr45PUiORMoO0cUkwlMW4p6IXPW0NWbGRq6rC4S', 'nguyenmanha3k24@gmail.com', 'Manh', 0, 'uploads/users/default.png', '2024-06-05 01:03:24', '2024-06-05 01:03:24', 2, 'd339eab0342640f541db35e2a9c367c6');

--
-- Indexes for dumped tables
--

--
-- Indexes for table `categories`
--
ALTER TABLE `categories`
  ADD PRIMARY KEY (`id`),
  ADD UNIQUE KEY `nameCategory` (`nameCategory`);

--
-- Indexes for table `comments`
--
ALTER TABLE `comments`
  ADD PRIMARY KEY (`id`),
  ADD KEY `FK_IDPOSTS` (`idPost`),
  ADD KEY `FK_USER` (`idUser`);

--
-- Indexes for table `posts`
--
ALTER TABLE `posts`
  ADD PRIMARY KEY (`id`),
  ADD KEY `FK_IDPOST` (`idAuthor`),
  ADD KEY `FK_IDCATEGORY` (`idCategory`),
  ADD KEY `FK_TYPE` (`idType`);

--
-- Indexes for table `replycomment`
--
ALTER TABLE `replycomment`
  ADD PRIMARY KEY (`id`),
  ADD KEY `FK_IDCOMMENT` (`idComment`),
  ADD KEY `FK_IDUSER` (`idUser`),
  ADD KEY `FK_IDREPUSER` (`idReplyUser`);

--
-- Indexes for table `tagposts`
--
ALTER TABLE `tagposts`
  ADD PRIMARY KEY (`idTag`),
  ADD KEY `FK_TAGPOST` (`idPost`);

--
-- Indexes for table `tags`
--
ALTER TABLE `tags`
  ADD PRIMARY KEY (`id`),
  ADD UNIQUE KEY `nameTag` (`nameTag`);

--
-- Indexes for table `type`
--
ALTER TABLE `type`
  ADD PRIMARY KEY (`id`),
  ADD UNIQUE KEY `name` (`name`);

--
-- Indexes for table `users`
--
ALTER TABLE `users`
  ADD PRIMARY KEY (`id`),
  ADD UNIQUE KEY `name` (`name`),
  ADD UNIQUE KEY `email` (`email`);

--
-- AUTO_INCREMENT for dumped tables
--

--
-- AUTO_INCREMENT for table `categories`
--
ALTER TABLE `categories`
  MODIFY `id` int NOT NULL AUTO_INCREMENT, AUTO_INCREMENT=9;

--
-- AUTO_INCREMENT for table `comments`
--
ALTER TABLE `comments`
  MODIFY `id` int NOT NULL AUTO_INCREMENT, AUTO_INCREMENT=14;

--
-- AUTO_INCREMENT for table `posts`
--
ALTER TABLE `posts`
  MODIFY `id` int NOT NULL AUTO_INCREMENT, AUTO_INCREMENT=19;

--
-- AUTO_INCREMENT for table `replycomment`
--
ALTER TABLE `replycomment`
  MODIFY `id` int NOT NULL AUTO_INCREMENT, AUTO_INCREMENT=19;

--
-- AUTO_INCREMENT for table `tags`
--
ALTER TABLE `tags`
  MODIFY `id` int NOT NULL AUTO_INCREMENT, AUTO_INCREMENT=30;

--
-- AUTO_INCREMENT for table `type`
--
ALTER TABLE `type`
  MODIFY `id` int NOT NULL AUTO_INCREMENT, AUTO_INCREMENT=4;

--
-- AUTO_INCREMENT for table `users`
--
ALTER TABLE `users`
  MODIFY `id` int NOT NULL AUTO_INCREMENT, AUTO_INCREMENT=26;

--
-- Constraints for dumped tables
--

--
-- Constraints for table `comments`
--
ALTER TABLE `comments`
  ADD CONSTRAINT `FK_IDPOSTS` FOREIGN KEY (`idPost`) REFERENCES `posts` (`id`),
  ADD CONSTRAINT `FK_USER` FOREIGN KEY (`idUser`) REFERENCES `users` (`id`);

--
-- Constraints for table `posts`
--
ALTER TABLE `posts`
  ADD CONSTRAINT `FK_IDCATEGORY` FOREIGN KEY (`idCategory`) REFERENCES `categories` (`id`),
  ADD CONSTRAINT `FK_IDPOST` FOREIGN KEY (`idAuthor`) REFERENCES `users` (`id`),
  ADD CONSTRAINT `FK_TYPE` FOREIGN KEY (`idType`) REFERENCES `type` (`id`);

--
-- Constraints for table `replycomment`
--
ALTER TABLE `replycomment`
  ADD CONSTRAINT `FK_IDREPUSER` FOREIGN KEY (`idReplyUser`) REFERENCES `users` (`id`) ON DELETE RESTRICT ON UPDATE RESTRICT,
  ADD CONSTRAINT `FK_IDUSER` FOREIGN KEY (`idUser`) REFERENCES `users` (`id`),
  ADD CONSTRAINT `FK_REP` FOREIGN KEY (`idComment`) REFERENCES `comments` (`id`) ON DELETE RESTRICT ON UPDATE RESTRICT;

--
-- Constraints for table `tagposts`
--
ALTER TABLE `tagposts`
  ADD CONSTRAINT `FK_TAGPOST` FOREIGN KEY (`idPost`) REFERENCES `posts` (`id`),
  ADD CONSTRAINT `FK_TAGS` FOREIGN KEY (`idTag`) REFERENCES `tags` (`id`) ON DELETE RESTRICT ON UPDATE RESTRICT;
COMMIT;

/*!40101 SET CHARACTER_SET_CLIENT=@OLD_CHARACTER_SET_CLIENT */;
/*!40101 SET CHARACTER_SET_RESULTS=@OLD_CHARACTER_SET_RESULTS */;
/*!40101 SET COLLATION_CONNECTION=@OLD_COLLATION_CONNECTION */;
